Fecha,Técnico,Condición,Situación,Resultado1,Resultado2,Club,Torneo,Estadio,Árbitro,Huracán,Rival,Foto,Incidencias
08/12/1952,Baldonedo,visitante,empate,2,2,Ind. Santa Fe (Colombia),Amistoso,El Campín de Bogotá (Colombia),Fernández (Colombia),"Jacinto Díaz; Rodríguez y Juan Romeral; Néstor Naya, José Nazionale (Juan Romo) y Enrique Cerioni; Giosa, Oscar Rossi (Valeriano López), Héctor López, Eduardo Ricagni y Manuel Pelegrina.","Chamorro (Espriella); Kersul y Pellegrino; Reyes, Bernasconi y Fain; Arango, Deibe, Pairoux, Antón (Ortega) y Villalba.",foto,15 GOL Manuel Pelegrina (HUR)</br>19 GOL Pairoux (ISF)</br>47 GOL Pairoux (ISF)</br>66 GOL Eduardo Ricagni (HUR)
14/12/1952,Baldonedo,visitante,derrota,0,4,Millonarios (Colombia),Amistoso,El Campín (Bogotá),Gregorio (Colombia),"Jacinto Díaz; Juan Romeral y Rodríguez; Néstor Naya, Juan Romo (José Nazionale) y Enrique Cerioni; Giosa (O. Rossi), Lazón, H. López (V. López), Ricagni y Pelegrina.","Julio Cozzi; Ramírez y Zuloaga; Stemberg (Pini), Néstor Rossi y Benegas; Castillo, Báez, Alfredo Di Stéfano, Villaverde (Fernández) y Aguilera.","Goles: 36 y 56 Di Stéfano; 38 Castillo; 72 Báez."
21/12/1952,Baldonedo,visitante,victoria,3,2,Dep. Quindío (Colombia),Amistoso,Municipal (Armenia),Fernández (Colombia),"Tissera; Cuello y Lombardo; Carugno, González y Sánchez; Gutiérrez, Cazaubón, Alarcón, Garelli y Urruty.","Ogando; Juan Romeral y Juan Filgueiras; José Nazionale, Juan Romo y Enrique Cerioni; Giosa, Oscar Rossi, Valeriano López, Eduardo Ricagni y Manuel Pelegrina.","Goles: 26p y 80 Ricagni, 30 Gutiérrez, 32 López, 40 Cazaubón."
28/12/1952,Baldonedo,visitante,empate,2,2,Dep. Cali (Colombia),Amistoso,"Fasciolo; Castro y Caicedo; Viáfara, Sastre y Lecca; Pérez, Coll, R. Cerioni, Cervino y Castro.","Ogando; Romeral y Juan Filgueiras; Néstor Naya (Rodríguez), Juan Romo (José Nazionale) y E. Cerioni; Giosa (Lazón), Héctor López (Oscar Rossi), Infante (Valeriano López), Eduardo Ricargni y Manuel Pelegrina.","Pascual Guerrero (Colombia).","Turío.","Goles: 4 R. Cerioni, 15 Héctor López, 43 Cervino, 72 Ricagni."
02/01/1953,Baldonedo,visitante,empate,2,2,Boca Juniors (Colombia),Amistoso,"-","-","Pascual Guerrero (Colombia).","Goles: Valeriano López (2), Amaya.",x
15/01/1956,Pedernera,visitante,victoria,3,1,Nacional (Colombia),Gira por América (amistoso),"Atanasio Girardot (Colombia).",x,x,x,x
22/01/1956,Pedernera,visitante,victoria,2,0,Ind. Medellín (Colombia),Gira por América (amistoso),"Atanasio Girardot (Colombia).",x,x,x,x
29/01/1956,Pedernera,neutral,derrota,3,4,Millonarios (Colombia),Cuadrangular Internacional (amistoso),"Pedernera.","Londoño (Colombia)",x,x,x
14/02/1956,Pedernera,visitante,empate,0,0,Ind. Medellín (Colombia),Gira por América (amistoso),"Ind. Medellín: Sánchez; Lauro y Caicedo; Pacheco, Calonga y Retamoso; Larraz, Seghini, Pizarro, Arango y Moreno.","Edgardo Madinabeytia; Sherl y Zuluaga; Urquijo, Rodríguez y Ardanaz; Respuela, Rossi, Pedernera, Infante y Onzari",Atanasio Girardot (Colombia).,x,x
15/02/1956,Pedernera,neutral,empate,1,1,Nacional (Colombia),Amistoso,Coloso de Ibagué (Colombia),"Goles: Lanza y O. Rossi.",x,x,x
17/01/1958,Sbarra,visitante,victoria,2,0,Dep. Quindío (Colombia),Gira por América (amistoso),Londoño (Colombia),"Goles: 43 Romero, 63 Bruno.",x,x,x
26/01/1958,Sbarra,visitante,victoria,4,1,Ind. Medellín (Colombia),Gira por América (amistoso),"Atanasio Girardot (Colombia).",x,x,x,x
31/01/1958,Sbarra,visitante,derrota,1,2,Nacional (Colombia),Gira por América (amistoso),"Atanasio Girardot (Colombia).",x,x,x,x
02/02/1958,Sbarra,visitante,victoria,3,2,Ind. Santa Fe (Colombia),Gira por América (amistoso),El Campín (Bogotá),sin datos,"sin datos","sin datos","sin datos"
09/02/1958,Sbarra,neutral,victoria,5,0,Liga de Cundinamarca,Gira por América (amistoso),"Pascual Guerrero (Colombia).",x,x,x,x
13/02/1958,Sbarra,visitante,victoria,5,0,Sel. de Colombia,Gira por América (amistoso),"Pascual Guerrero (Colombia).",x,x,x,x
16/02/1958,Sbarra,visitante,victoria,2,0,Liga de Valle del Cauca,Gira por América (Amistoso),Pascual Guerrero (Colombia),x,x,x,x
07/01/1960,Rossi,visitante,victoria,4,0,Dep. Cali (Colombia),1° fecha Cervecería Sultana (Amistoso),"Sierra; Suárez (Martínez), Castro, Muzo y Tejada; Cervino y Castronovo (Rojas); Panesso, Vergara, López y Arredondo.","Walter Taibo; Carlos Arredondo, Civrián (Ángel Julio), Villano y Miguel Vidal (Sánchez); Osvaldo Crosta y Néstor Rossi; Alberto Rendo, Oscar Rossi, Soria (Sparza) y Figueroa (Cañete).",Pascual Guerrero (Colombia),Orrego,"Goles: 23 Rendo, 70 Sparza, 74 y 83 O. Rossi."
13/01/1960,Rossi,visitante,empate,1,1,América (Colombia),3° fecha Cervecería Sultana (Amistoso),"Walter Taibo; Arredondo, Julio, Villano y Vidal; Crosta y N. Rossi (46 Brunetti); Rendo (50 Molina), O. Rossi (46 Suárez), Soria (50 Cañete) y Figueroa.","América: Montaño; Sánchez, Mousegne, Abadía y Perdomo; Vairo y Ruiz; Lenis, Cejas, Florido y Fresquet.",Pascual Guerrero (Colombia),Ovidio Orrego,"Goles: 53 Lenis, 73 Molina."
17/01/1960,Rossi,visitante,victoria,2,1,Ind. Medellín (Colombia),1° fecha Ciudad de Medellín (Amistoso),"Tissera; Echeverri, Caicedo, Castrobovo y Terra; González (Vulcano) y Fernández; Arango, Zazini, Campillo y Lanza.","Taibo; Arredondo, Civrián, Villano y Vidal; Crosta y Néstor Rossi; Rendo, Oscar Rossi, Soria y Cañete.",Atanasio Girardot (Colombia),Sundheim,"Goles: 25 Crosta, 75 Soria, 89 Vulcano."
24/01/1960,Rossi,visitante,victoria,2,0,Nacional (Colombia),3° fecha Ciudad de Medellín (Amistoso),"Lopera; Calle y Escobar; Yotagri (Arrubia), Osorio y Vidal (Agudelo); Cadavid, Tapias, Álvarez (Vanegas), Maya y Arias.","Taibo (Sánchez); Arredondo y Julio; Vidal, Rossi y Villano; Rendo, Crosta, Oscar Rossi, Suárez (Cañete?) y Figueroa (Cañete?).",Atanasio Girardot (Colombia),Guillermo Velásquez (FCF),"Goles: 31ec Arrubia, 80 Oscar Rossi."
27/12/1960,Rossi,visitante,victoria,2,0,América (Colombia),1° fecha de Feria Mundial del Azúcar (Amistoso),Pascual Guerrero (Colombia),x,x,x,x
29/12/1960,Rossi,visitante,victoria,4,0,Dep. Cali (Colombia),2° fecha de Feria Mundial del Azúcar (Amistoso),Pascual Guerrero (Colombia),x,x,x,x
22/01/1961,Rossi,visitante,empate,1,1,Once Caldas (Colombia),1° fecha de Feria Manizales (Amistoso),Londoño (Manizales),Abonaga,"Bertoldi; Carlos Arredondo, Álvarez, Oscar Villano y Miguel Vidal; Osvaldo Crota y Néstor Rossi; Herrera, Soria (Sergio Cantú), Diz y Atilio Melón.","Olmos; Conrado Arango, Flematy, Oscar López y Humberto Villa (Hugo Arredondo); Sapia (Bernardo Castro) y Carlos Antonietta; Alonso Botero, Luis Digón, Roberto Mirabelli y Núñez.","18 GOL Osvaldo Crosta, 76 GOL Botero"
08/01/1961,Rossi,visitante,victoria,4,1,Millonarios (Colombia),Gira por América (amistoso),El Campín (Bogotá),sin datos,sin datos,sin datos,"7 GOL Soria, 9 GOL Soria, 17 GOL Herrera, 21 GOL OSvaldo Crosta, 60 GOL Arango."
30/01/1961,Rossi,visitante,victoria,2,1,Nacional (Colombia),Amistoso,Atanasio Girardot (Medellín),Sánchez,"Germinaro; Carlos Arredondo, Biagioli, Sanez y Miguel Vidal; Osvaldo Crosta y Néstor Rossi; Rendo, Soria, Roldán (Herrera) y Atilio Melón (Diz).","Lopera; Yatagri, Ayala, Vidal (Méndez) y Sorio; Campillo y Terra; Arredondo, Valencia (Eladio), Cervino y Cadavid.","Goles: 58 Cervino, 73 Herrera, 82 Diz."
24/11/1963,Zoppi,visitante,empate,4,4,Ind. Santa Fe (Colombia),Gira por América (amistoso),El Campín (Bogotá),sin datos,"Ayala; Carlos Arredondo, Troche, Schneider y Miguel Vidal; Rendo (Diz) y Cubilla, Sarmiento (Canevari), Juan J. Rodríguez, Sarnari y Roberto Brookes.","Justiniano Montaña; Zuluaga, Carlos Rodríguez, Montero y Ricardo Pegnotti; Wilson Pimentel (Jaime Silva) y Zuluaga; Marín, Paulo Pesinaschi, Alberto Perazzo y González (Jorge Gómez).","Goles: 10 y 82 Paulo Pesinaschi, 37 y 89 J. Rodríguez, 52 y 55 Marín, 61 Sarnari, 90p Sarnari"
27/11/1963,Zoppi,visitante,empate,1,1,América (Colombia),Gira por América (Amistoso),Pascual Guerrero (Cali),Fisher (Colombia),"Ayala; Troche, Carlos Arredondo, Cubilla y Miguel Vidal; Sarnari y Schneider; Alberto Rendo, Juan J. Rodríguez, Sarmiento y Roberto Brookes (Diz).","Riquelme, Araujo, González, Romero y Castillo; Coll y Bolaño; Paz. Cervino, Parodi y Laigacha.","Goles: 22 Sarnari, 82 Cervino."
01/12/1963,Zoppi,visitante,victoria,3,0,Millonarios (Colombia),Gira por América (amistoso),El Campín (Bogotá),Puppio (Colombia),"Ayala; Carlos Arredondo, Troche, Schneider (Hiriart) y Miguel Vidal; Alberto Rendo (43 Diz) y Cubilla; Canevari, Juan J. Rodríguez, Sarnari (Sarmiento) y Roberto Brookes.","Senen Mosquera; Zas, Finot Castaño, Oscar Jamardo Rubio y Arturo Solórzano; José Romeiro y Ricardo Díaz; Pedro Gando (Gallegos), Marino Klinger, Rubén Pizarro y Genaro Benítez.","Gol: 42 Brookes, 53 y 73 Rodríguez."
04/12/1963,Zoppi,visitante,victoria,4,1,Ind. Medellín (Colombia),Gira por América (amistoso),Atanasio Girardot (Medellín),sin datos,"sin datos","sin datos","Goles: 14 y 15 Sarnari, 67 J. J. Rodríguez, 79 Brookes, 89 González."
08/12/1963,Zoppi,visitante,empate,1,1,Dep. Cali (Colombia),Gira por América (amistoso),sin datos,"Burno; Vargas, Apote, Nivaldo y Possoco; Valencia y Sánchez; Aceros, Bermúdez, Ary y Marcarián.  Entra Huarandaga.","Ayala; Arredondo, Ginarte, Schneider y Vidal; Sarmiento y Cubilla; Canevari, Rodríguez, Sarnari y Brookes.","Pascual Guerrero (Colombia).","Reynal.","Goles: 24 Sarmiento, 73 Huarandaga."
15/12/1963,Zoppi,visitante,empate,3,3,Ind. Santa Fe (Colombia),Gira por América (amistoso),El Campín (Bogotá),Puppio (Colombia),"Ayala; Carlos Arredondo, Jorge Ginarte, Alarcón y Miguel Vidal: Canevari y Cubilla (Hiriart); Schneider, Juan J. Rodríguez, Marchese (Osvaldo Crosta) y Roberto Brookes (Diz).","Justiniano Montaña; Rodríguez, Zuluaga (Hernando Tovar), Montero y Carlos Aponte, Ricardo Pegnotti y Hernando Tovar (Jaime Silva); Marín, Paulo Pesinaschi, Alberto Perazzo y González (Ortega).","Goles: 24 y 73 J.J. Rodríguez, 42 Marchesse, 44 y 74 Perazzo, 62 Marín."
20/12/1963,Zoppi,visitante,victoria,5,1,Sel. Juv. de Colombia,Gira por América (amistoso),"Luna; Ortega, Castillo, Galiria y Herrera; Collantes y González; Toscano, Arcia, Pineros y Buitrago.","Ayala; Cubilla, Carlos Arredondo, Canevari y Miguel Vidal; Diz y Sarnari; Castillo, Rodríguez, Sarmiento y Fernández.","Municipal de Girardot (Colombia).","Lires López.","Goles: 8 Sarnari, 25 Fernández, 38 Diz, 75 Toscano, 77 y 85 Canevari."
22/12/1963,Zoppi,visitante,derrota,0,1,Millonarios (Colombia),Gira por América (amistoso),El Campín (Bogotá),Reynal (Colombia),sin datos,sin datos,36 GOL Gamboa (MIL)</br>36 EXP Canevari (HUR)</br>36 EXP Devoto (HUR)</br>36 EXP Rodríguez (HUR)</br>36 EXP Sarmiento (HUR) -se le permitió reingresar-
27/11/1966,Acosta,visitante,victoria,1,0,Inter de Lages (Brasil),Inauguración del Vermelhao (amistoso),Vermelao (Lages),Bezerra,"Navarro; Tarchini, Jáuregui, Jorge Ginarte, y Devoto; Tito Gómez y Sebastián Viberti; Hugo Tedesco, Zárate (Nogara), Poncio y Alberto Cabaleiro.","Batista; Setembrino, Nicodemus, Dair y Leoquídio; Zezé y Carlinhos; Osvaldo (Roberto Caramuru), Ricardo, Puskas y Anacleto (Abílio).", </br><b>1° Tiempo: Inter de Lages 0x0 Huracán</b></br>80 GOL Cabaleiro (HUR)
21/05/1967,Acosta,visitante,empate,1,1,América MG (Brasil),Torneo Minas Geraes (amistoso),Mineirao (Bello Horizonte),David (Brasil),"Irusta; Bordatto, Tarchini, Edgardo Cantú y Omar Fernández; Dopacio y Cabello; Sansone (Sebastián Viberti), Vera, Álvarez y Alberto Cabaleiro.","Djair; Décio Brito, Luizão, Café y Ze Horta; Samuel y Édson (Sudaco); Zé Carlos, Mosquito (Edvar), Chiquinho y Caldeira.",<b>1° Tiempo: América MG 0x0 Huracán</b></br>54 GOL Álvarez (HUR)</br>60 GOL Edvar (AME)</br>81 EXP Álvarez (HUR)
25/05/1967,Acosta,visitante,derrota,0,4,América RJ (Brasil),1° fecha de Negrao de Lima,Maracaná (Río de Janeiro),Magalhães (Conf. Brasileña),"Irusta (Justo Zayas); Bordatto, Jorge Ginarte, Poncio (Edgardo Cantú) y Omar Fernández; Sebastián Viberti y Dopacio; Alberto Cabaleiro (Sansone), Álvarez (Vera), Alfredo Obberti y Medina.","Ita; Dejair (Sérgio), Alex, Aldeci y Gilson; Fará (Artur) e Ica; Joãozinho (Jorginho), Antunes, Edu y Eduardo."
07/11/1967,Pentrelli,visitante,derrota,1,4,Atlante (México),Amistoso,Azteca (México),Diego De Leo (México),"Irusta; Petriella, Tarchini, Gianni y Bordatto; Dopacio y Sebastián Viberti; Alberto Cabaleiro, Vera (68 Sanzogni), Álvarez y Medina.","Mollinedo (46 Orvañanos); Sánchez, Larrazolo, Negroe (66 Medina) y Hernández; Desachi y Alvarado (46 Malazzo); Boggio (79 Padilla), Pérez Flores, Cisneros y Manolete.",17 GOL Hernández (ATL)</br>23 GOL Cisneros (ATL)</br>38 GOL Dopacio (HUR)</br>67 GOL Boggio (ATL)</br>68 EXP Sebastián Viberti (HUR)
17/09/1971,Menotti,visitante,derrota,1,2,Once Caldas (Colombia),Gira por América (Amistoso),Londoño (Manizales),Aristazábal,"Miguel Leyes; Mendoza, Daniel Buglione, Alfio Basile y Lavorato; Alberto Rendo, Siciliano y Héctor Veira; Ramírez, Leone y Luis Giribet.","Quiñones (Zapata); Gómez, Ortega, Calero y Márquez; Gamboa, Beracochea y Reza; Santamaría, Prospitti y Nicolás Lobatón.",</br>30 GOL Prospitti (ONC)</br><b>1° Tiempo: Once Caldas 1x0 Huracán</b></br>71 GOL Lobatón (ONC)</br>77 GOL Luis Giribet (HUR)
27/08/1974,Menotti,visitante,sin datos,-,-,Nacional (Colombia),Amistoso,"(Colombia)",x,x,x,x,x,x,x
29/08/1974,Menotti,visitante,sin datos,-,-,Millonarios (colombia),Amistoso,"(Colombia)",x,x,x,x,x,x,x
31/01/1975,Imbelloni,visitante,derrota,0,2,Ind. Santa Fe (Colombia),Copa Bogotá (Amistoso),El Campín (Bogotá),sin datos,"sin datos","sin datos","Goles: 25 Céspedes, 85 Montaño."
03/02/1975,Imbelloni,visitante,derrota,4,3,Millonarios (Colombia),Copa Bogotá (Amistoso),"Ballesteros: Güette, González, Gaviria y López; Ortega, Alcázar y Vasco (Soto); Ortiz, Maglioni y Rendón.","Leyes; Paolino, Fanesi, Flores y Carrascosa; Brindisi, Leone (Ríos) y Gramajo; Houseman (Rico), Scalise y Larrosa.","El Campín de Bogotá (Colombia).","Goles: 15 y 37 Houseman; 21 Scalise; 42, 58 y 62 Maglioni; 76 Fanesi."
05/02/1975,Imbelloni,visitante,derrota,0,1,Millonarios (Colombia),Copa Bogotá (Amistoso),"El Campín (Bogotá)."
27/02/1975,Imbelloni,visitante,derrota,2,7,Gremio (Brasil),Amistoso,Olímpico (Puerto Alegre),Barreto (Conf. Brasileña),"Agustín Cejas; Sánchez, Herrera (Víctor Longo), Paolino (Ríos) y Jorge Carrascosa; Miguel Brindisi (Jorge Sanabria), Francisco Russo y Pérez; René Houseman, Rico y Gramajo.","Picasso; Vílson (Cláudio), Ancheta, Beto y Jorge; Cacau, Neca y Yúra; Zequinha (João Carlos), Tarciso (Nené) y Loivo.",</br>18 GOL Neca (GRE)</br>19 GOL Brindisi (HUR)</br>21 GOL Yúra (GRE)</br>28 GOL Zequinha (GRE)</br>35 GOL Neca (GRE)</br><b>1° Tiempo: Gremio 4x1 Huracán</b></br>69 GOL Neca (GRE)</br>69 GOL Neca (GRE)</br>44 GOL Loivo (GRE)</br>57 GOL Tarciso (GRE)</br>64 GOL Houseman (HUR)
07/05/1975,Delem,visitante,derrota,0,2,Santos FC (Brasil),Amistoso,Vila Belmiro (Santos),Boschilia,"Agustín Cejas; Nelson Chabay, Paulino (Alberto Fanesi), Alfio Basile y Jorge Carrascosa; Miguel Brindisi, Francisco Russo y Carlos Leone; Gramajo (Jorge Sanabria), Roque Avallay Scalise (Omar Larrosa).","Joel Mendes; Carlos Alberto (Wilson Campos), Oberdan (Marçal), Bianchi y Turcão; Teodoro, Mifflín y Brecha (Da Silva); Gilvan (Alceu), Totonho y Claudio Adão (Mazinho).",</br>22 GOL Brecha (SAN)</br><b>1° Tiempo: Santos 1x0 Huracán</b></br>73 GOL Totonho (SAN).
21/08/1975,Delem,neutral,empate,1,1,Junior (Colombia),450° Aniv. Santa Marta (Amistoso),"Eduardo Santos (Santa Marta).","Goles: Silva Pacheco, Paolino."
24/08/1975,Delem,visitante,victoria,1,0,Unión Magdalena (Colombia),450° Aniv. Santa Marta (Amistoso),Eduardo Santos (Santa Marta),sin datos,"Ucha; Cardona, Del Risco, Mendoza y González; Montúfar, Segrera y Gutiérrez; Fallase, Morales y Carra.","Miguel Leyes; Chabay, Paolino, Alberto Fanesi (Herrera) y Carrascosa; Carlos Leone (Sánchez), Francisco Russo y Omar Larrosa; René Houseman, Scalise (Candedo) y Jorge Sanabria.",67 GOL René Houseman
26/08/1975,Delem,visitante,victoria,2,1,Ind. Santa Fe (Colombia),Amistoso,"Miguel Leyes; Nelson Chabay, Alberto Fanesi, Paolino y Jorge Carrascosa; Miguel Brindisi (Carlos Leone), Francisco Russo y René Houseman; Scalise (Candedo), Omar Larrosa y Jorge Sanabria.","López; Rodríguez, Pacheco, Recúpero (Rangel) y Chia; Tébes, Sarnari y Cañón; Pandolfi, Pineros y Viáfara.","El Campín de Bogotá (Colombia).","Goles: 15 Cañón, 39 Omar Larrosa, 81 Jorge Sanabria."
28/08/1975,Delem,visitante,empate,1,1,Tigres (México),Amistoso,Universitario (Monterrey),sin datos,"Cejas; Brindisi; Houseman.","Meza; Lola, Jiménez.",</br>22 GOL Jiménez</br>68 GOL Houseman
30/08/1875,Delem,visitante,empate,2,2,Leones Negros (México),Amistoso,Jalisco (Guadalajara),Marcel Pérez Guevara (México),"Miguel Leyes; Nelson Chabay, Paolino, (66 Ríos), Fanesi y Jorge Carrascosa, Miguel Brindisi, Carlos Leone y José Scalise; René Houseman (63 Herrera), Omar Larrosa y Jorge Sanabria (50 Víctor Longo).","Calderón; Ríos, Santoyo, Rivas (75 Olvera) y Rodríguez Jara; Andrade, Mañón y Jair; Euzebio, Martínez (50 Gutiérrez) y López.",</br>30 GOL Jair (LEO)</br>46 GOL Euzebio (LEO)</br>78 GOL Brindisi (HUR) -penal-</br>84 GOL Leone (HUR)
05/09/1975,Delem,neutral,derrota,0,1,Sel. Olímp. de México,Copa de América,East College (Los Angeles),Jesús Mercado (México),"Cejas; Nelson Chabay, Paolino, Fanesi y Jorge Carrascosa; Miguel Brindisi, Roque Avallay y Omar Larrosa; René Houseman, José Scalise y Jorge Sanabria.","Gómez; Márquez, García, Viveros y Carrillo; De la Rosa, Caballero y Cosío; Tapía, Rangel y Sánchez.",</br>27 GOL Rergis
22/08/1976,Juárez,visitante,derrota,1,3,Junior (Colombia),Gira por Sudamérica (amistoso),"Delménico; Araújo, Miranda, Berdugo y Amaya (González); Maldonado, Cerminatto (Cabezas) y Comesaña; Cibeyra, B. Martínez y Verón (Fiorillo).","Baley (Jurkevicius); Cheves, Espinoza, Fanesi y Carrascosa (Verón); Leone (ríos), Candedo (Cabrera) y Larrosa; Houseman (Rico), Ardiles y Sánchez (Sanabria).","Romelio Martínez (Colombia).","Goles: 3 y 20 Verón, 25 B. Martínez, 51 Sanabria."
26/08/1976,Juárez,visitante,derrota,2,3,Dep. Cali (Colombia),Gira por Sudamérica (amistoso),"Zape; Samboni; Álvarez; Benítez y Lorea.","Larrosa; Houseman y Cabrera.","Pascual Guerrero (Colombia).","O. Sánchez.",</br>6 GOL Lorea (CAL)</br>50 Lorea (CAL)</br>20 René Houseman (HUR)</br>51 EXP Omar Larrosa</br>57 Benítez (CAL)</br>63 GOL Luis Cabrera (HUR)</br>87 EXP Samboni (CAL)</br>89 EXP Luis Cabrera (HUR)
21/08/1983,Sosa,neutral,empate,0,0,Ind. Santa Fe (Colombia),Amistoso,Romelio Martínez (Barranquilla),sin datos,"sin datos","sin datos"
24/08/1983,Sosa,visitante,empate,0,0,Unión Magdalena (Colombia),"Trofeo Cartagena de Indias (amistoso)","Eduardo Santos (Santa Marta)."
26/08/1983,Sosa,visitante,victoria,2,1,Junior (Colombia),"Trofeo Cartagena de Indias (amistoso)","Romelio Martínez (Barranquilla).","Goles: 16 Morresi, 77 García, 83p Bauza."
18/07/2007,Mohamed,visitante,victoria,5,2,Pioneros (México),Gira por México 2007 (amistoso),Cancún 86 (Cancún),sin datos,"Gastón Monzón (46 Marcelo Barovero); Puertas (46 Omar Zarif), Puertas (46 Paolo Goltz), Damián Nieto (46 Claudio Úbeda) y Walter Gómez (46 Cellay); Pastore (Hugo Barrientos), Alexis Castro (46 Cristian Sánchez Prette), Walter Coyette y Alan Sánchez (46 Federico Poggi); Andrés Franzoia (46 Franco Mendoza y Matías Defederico (46 Federico Nieto).","Maximiliano Morales, Pepe Gutiérrez",foto,PT GOL Maximiliano Morales</br>PT GOL Pepe Gutiérrez</br><b>1° Tiempo: Pioneros Potros 2x0 Huracán</b></br>ST GOL Paolo Goltz (HUR)</br>ST GOL Paolo Goltz</br>ST GOL Federico Nieto</br>ST GOL Franco Mendoza</br>ST GOL Walter Coyette
20/07/2007,Mohamed,visitante,victoria,3,0,Inter Playa (México),Gira por México 2007 (amistoso),Mario Villanueva Madrid (Playa del Carmen),sin datos,sin datos,sin datos,Foto,Incidencias
22/07/2007,Mohamed,visitante,derrota,0,2,Puebla (México),Gira por México 2007 (amistoso),Cuauthémoc (Puebla),sin datos,"Marcelo Barovero; Omar Zarif, Paolo Goltz, Claudio Úbeda (Ángel Puertas) y Cristian Cellay; Hugo Barrientos (Alexis Castro), Cristian Sánchez Prette, Walter Coyette (Andrés Franzoia) y Federico Poggi; Franco Mendoza y Federico Nieto.",sin datos,https://blogger.googleusercontent.com/img/a/AVvXsEjK_9NAcpwEGmiHf62V0OATAFYCLfiKVYICAAcotk1yFsufhngxx7H5F6yVn9wW7fb6QLFvCNFQZlLoR_rkDvUyv9h9ufm2NW-0oXgADaj82WoSU7T3_tOvlb6p9ePx8oH9DJR3LpDJ7K3u0G58k-5RdYemZE16m5tH-kCFxDFtJ8yUmvY9NuywmsZAE9xv=w600-h400,Incidencias
25/07/2007,Mohamed,visitante,empate,0,0,Correcaminos (México),Gira por México 2007 (amistoso),Marte R. Gómez (Ciudad Victoria),Fabricio Morales (México),"Gastón Monzón; Alexis Castro; Claudio Úbeda (Christian Cellay), Damián Nieto y Ángel Puertas; Alan Sánchez (Walter Coyette), Hugo Barrientos (Javier Pastore), Raúl Gordillo y Andrés Franzoia (Franco Mendoza); Matías Defederico (Gómez) y Schneider.","Rogelio Rodríguez; Rodrigo Barragán, Meza (Daniel Duarte), Armando Tavira (Moisés Morales) y René Rodríguez (Gaspar Páez); Israel Moreno (Ignacio Pallas), Gerardo Hernández, Francisco Ayala y Felipe Ríos; José Mendoza (Jorge Durán) y Ángel Sosa (Pedro Solís).",foto,80 EXP Rodrigo Barragán (COR)
27/07/2007,Mohamed,visitante,victoria,3,2,Querétaro (México),Gira por México 2007 (amistoso),Corregidora (Querétaro),sin datos,sin datos,sin datos,foto,</br>2 GOL Nurse</br>18 GOL Andrés Franzoia</br>ST GOL Franco Mendoza</br>ST GOL Franco Mendoza</br>ST GOL Avilán
29/07/2007,Mohamed,visitante,derrota,0,1,San Luis (México),Gira por México 2007 (amistoso),Lastra Martínez (San Luis Potosí),Francisco Chacón (México),"Marcelo Barovero; Paolo Goltz, Cristian Cellay, Claudio Úbeda y Ángel Puertas; Cristian Sánchez Prette, Hugo Barrientos, Walter Coyette y Andrés Franzoia; Federico Nieto y Franco Mendoza.","Martínez; Alfredo González Tahuilán, Pérez, Luna y Adrián García Arias; Eduardo Coudet, Luis I González, Ariel González y Oscar Mascorro; Tressor Moreno y Adrián Moreno.",https://blogger.googleusercontent.com/img/a/AVvXsEi1ozz8dW_Q2uQRkmskHjkGNKa1vrNcvLHPoAInv8nmTpqpr19Yr6rnOw3aCsA2GtiVJRZlLkGbkoSQpETSbw35TLsBZEmmFJjVL2GcygMLkVTyg77XDsIR7PjdyLRvnCRPIitxxICHl9AQrmPl2LyJEdIsksn2DBspqxngYca6G7-Hqe3vRImg9HU8TW9I=w600-h400,</br>8 GOL González (SLU)</br>84 EXP Claudio Úbeda (HUR)</br>85 EXP Raúl Gordillo (HUR)
05/08/2007,Mohamed,local,empate,1,1,Arsenal,1° fecha del Campeonato Apertura 2007, Tomás A. Ducó,Juan P. Pompei,"Marcelo Barovero; Paolo Goltz, Christian Cellay, Claudio Úbeda y Walter Gómez; Leandro J Díaz, Cristian Sánchez Prette (88 Raúl Gordillo), Hugo Barrientos y Walter Coyette (63 Andrés Franzoia); Franco Mendoza (77 Yusuke Kato) y Federico Nieto.","Mario Cuenca; Darío Espínola, Carlos Ruiz, Jossimar Mosquera, Gastón Filgueira, Sebastián Carrera, Andrés San Martín, Andrés Yllana (66 Javier Yacuzzi), Martín Andrizzi, Santiago Raymonda (65 José Ulloa) y José Calderón.",https://blogger.googleusercontent.com/img/b/R29vZ2xl/AVvXsEgzz5y-MbeZNgzKbIhZmKYgp81cza1_ZOf8he-z47yOOLDxYBJDDXpcHcrZnCysrzO4jUpUGhB4Ua0v77LNfcZId3xzmqDEDl8i-ffT3UwCw-bczGm4ZOvJh7rf4KV7vBfOc3UyJN29uADU/w600-h400/HURACAN+1+ARSENAL+1+APERTURA+2007.jpg,6 GOL Walter Gómez (HUR)</br>19 GOL Sebastián Carrera (ARS)</br><b>1° Tiempo: Huracán 1x1 Arsenal</b>
12/08/2007,Mohamed,visitante,empate,1,1,Lanús,2° fecha del Campeonato Apertura 2007,Lanús,Federico Beligoy,"Marcelo Barovero; Paolo Goltz, Claudio Úbeda, Christian Cellay y Walter Gómez (85 Alan Sánchez); Omar Zarif, Hugo Barrientos, Cristian Sánchez Prette y Walter Coyette (65 Leandro J Díaz); Andrés Franzoia (69 Federico Nieto) y Franco Mendoza.","Carlos Bossio; Rodolfo Graieb, Walter Ribonetto, Jadson Viera y Maximiliano Velázquez (78 Nelson Benítez); Marcos Aguirre, Diego Valeri, Diego González y Adrián Peralta (75 Sebastián Blanco); Lautaro Acosta y Diego Lagos (48 Roberto Jiménez).",https://blogger.googleusercontent.com/img/b/R29vZ2xl/AVvXsEg5xHeyRWFbzjx8iC44ig-CA-gisuoNKkCvQnvysM0upcY79MtWHOGS4123zi7fHcf5UGK8p9OV5w1tYLtT_-HapWtGJka58wgf-PePCfhJVUzQ2PWFyQNpzqfH8hL41DC3BatWLv9G28HR/w600-h400/LANUS+1+HURACAN+1+APERTURA+2007.jpg,39 GOL Valeri (LAN)</br>42 GOL Franco Mendoza (HUR)</br><b>1° Tiempo: Lanús 1x1 Huracán</b>84 EXP Valeri (LAN)</b>87 EXP Cristian Sánchez Prette (HUR)
18/08/2007,Mohamed,local,empate,0,0,Tigre,3° fecha del Campeonato Apertura 2007,Tomás A. Ducó,Gustavo Bassi,"Marcelo Barovero; Omar Zarif, Paolo Goltz, Claudio Úbeda y Christian Cellay; Hugo Barrientos, Federico Poggi, Andrés Franzoia (85 Raúl Gordillo) y Walter Coyette (77 Matías Defederico); Franco Mendoza (54 Alan Sánchez) y Federico Nieto.","Daniel Islas; Santiago Morero (67 Norberto Paparatto), Alexis Ferrero, Juan C. Blengio y Martín Galmarini; Diego Castaño, Román Martínez, Sebastián Rusculleda y Sebastián Ereros (65 Guillermo Suárez); Néstor Ayala y Leandro Lázzaro (82 Facundo Diz).",https://blogger.googleusercontent.com/img/b/R29vZ2xl/AVvXsEgChl3az4EPt8hlYRI6Fr9vPeANvFA2ULjwUZZ955MDHJSBXuLgZaw4HcjBJ6SSX39b8PUa7MbzgfGklAgj2_rNRrhdZ7UmK16BfvyIm9yxutqgtsq4bdN5xmbZdT4xa4brjuDoO6SWloqG/w400-h600/TIGRE+0+HURACAN+APERTURA+2007.jpg,"86 Claudio Úbeda, 88 Juan C. Blengio"
25/08/2007,Mohamed,visitante,victoria,1,0,Rosario Central,4° fecha del Campeonato Apertura 2007,Gigante de Arroyito (Rosario),Daniel Raffa,"Marcelo Barovero; Omar Zarif, Paolo Goltz, Ángel Puertas y Christian Cellay; Cristian Sánchez Prette, Hugo Barrientos, Federico Poggi (88 Raúl Gordillo) y Walter Coyette (65 Leandro J Díaz); Federico Nieto y Franco Mendoza (76 Matías Defederico).","Cristián Álvarez; Diego Braghieri (80 Gervasio Núñez), Ronald Raldes, Andrés Imperiale (85 Enrique Seccafien) y Tomás Costa; Diego Calgaro, Damián Ledesma, Emiliano Papa y Damián Díaz, José N. Vizcarra (82 Emilio Zelaya) y Martín Arzuaga.",https://blogger.googleusercontent.com/img/b/R29vZ2xl/AVvXsEiOp71YMykzqTY2yECPm6TL7h4weDxXJjF-PqsGMaG6GdJzO2Z1oQHcHw3vMvdbW0B73cbRhy0Da15_Z_2iYxdJc3fFC7dPzP-5OOIIrGuy9lOQUAnVo2GAk3lZvrWgDDneM_zJygnQCqZ0/w600-h400/CENTRAL+O+HURACAN+1+APERTURA+2007.jpg,"43 Franco Mendoza, 83 Cristian Sánchez Prette"
29/08/2007,Mohamed,local,victoria,3,2,Argentinos Juniors,5° fecha del Campeonato Apertura 2007,Tomás A. Ducó,Saúl Laverni,"Marcelo Barovero; Omar Zarif, Paolo Goltz, Ángel Puertas, Claudio Úbeda; Hugo Barrientos, Christian Cellay (79 Antonio Barijho), Federico Poggi y Walter Coyette (74 Alan Sánchez); Federico Nieto y Franco Mendoza (83 Matías Defederico).","Nicolás Navarro; Leandro Fleitas, Juan A. Sabia, Andrés Scotti y Sergio Escudero; Pablo Barzola, Roberto Battión, Néstor Ortigoza (49 Alejandro Delorte), Álvaro Pereira; Gonzalo Abán (76 Juan I. Mercier) y Gabriel Hauche (56 Claudio Cabrera).",https://blogger.googleusercontent.com/img/b/R29vZ2xl/AVvXsEiVGHrJlBBREM6Sc9uXgKM6ep5WIOt6BouPRJFhwm5PfAVUaDBEtLYkf4ibLJ9efmKWrlCiLQsi6CohCHlKnI4prpAiFO1JEh-5nXdQpXMzly-KxEpQhIzwbxt2xu1NgCZTMifjqaHhF2Dy/w600-h400/huracan+3+aregentinos+2+apertura+2007.JPG,"1 Hauche, 11 Franco Mendoza, 47 Federico Nieto, 69 Cabrera, 89 Sánchez."
02/09/2007,Mohamed,visitante,derrota,0,1,Boca Juniors,6° fecha del Campeonato Apertura 2007,La Bombonera,Javier Collado,"Marcelo Barovero; Paolo Goltz, Claudio Úbeda, Christian Cellay, Omar Zarif (78 Antonio Barijho), Cristian Sánchez Prette, Hugo Barrientos, Federico Poggi (59 Ángel Puertas), Walter Coyette (69 Alan Sánchez), Federico Nieto y Franco Mendoza.","Mauricio Caranta; Hugo Ibarra, Jonatan Maidana, Claudio Morel Rodríguez y Bruno Urribarri (63 Álvaro González); Pablo Ledesma, Sebastián Battaglia (81 Matías Cahais), Jesús Dátolo (64 Leandro Gracián) y Ever Banega; Rodrigo Palacio y Martín Palermo.",https://blogger.googleusercontent.com/img/b/R29vZ2xl/AVvXsEhIBSTK0NvHGYg8a02U1fMog031JpHDi-4NXtxiM9SzyaTvAzq15b3sPsTKXZU0BCGJi1e-2SI2WaUAYnyC0QnhxiLkA2hDV09sKtqHIqbgGLVeiUy3ddlUxt2WwAHuyP32QoUDM4rNtGDy/w600-h400/BOCA+1+HURACAN+0+APERTURA+2007.jpg,76 GOL Pablo Ledesma (BOC) -penal-
08/09/2007,Ardiles,local,derrota,0,1,Gimnasia (La Plata),7° fecha del Campeonato Apertura 2007,Tomás A. Ducó,Sergio Pezzotta,"Marcelo Barovero; Omar Zarif, Paolo Goltz, Claudio Úbeda y Christian Cellay; Hugo Barrientos, Cristian Sánchez Prette (67 Alan Sánchez), Federico Poggi (58 Raúl Gordillo) y Walter Coyette; Franco Mendoza y Matías Defederico (58 Juan M Ortiz).","Sebastián Cejas; Álvaro Ormeño, Renato Civelli, Santiago Gentiletti y Federico Domínguez; Ignacio Piatti (82 Marcelo Cardozo), Matías Escobar, Mauricio Yedro, Roberto Salvatierra, Félix Leguizamón (71 Pablo Batalla) y Germán Herrera (89 Sergio Leal).",https://blogger.googleusercontent.com/img/b/R29vZ2xl/AVvXsEhVR2bYP4p-MP2b_C3xW3DyeXwhjw_tT1Q1sJO5Cdu0ki_8UsXdEilCzKeApTXSKAmdvFy0nu9rZBlLR2tYXC7_l2h1WkiJDSNrad2c09jqKDRNMbwIx0QTocPIRoI31ULVY-jod9RkQzcQ/w600-h400/HURACAN+0+GIMNASIA+1+APERTURA+2007.jpg,10 GOL Matías Escobar
11/09/2007,Ardiles,visitante,derrota,0,3,Independiente,8° fecha del Campeonato Apertura 2007,El Cilindro,Héctor Baldassi,"Marcelo Barovero; Omar Zarif, Paolo Goltz, Claudio Úbeda y Christian Cellay; Cristian Sánchez Prette, Alexis Castro (46 Juan M Ortiz (75 Matías Defederico)), Hugo Barrientos y Federico Poggi, Walter Coyette y Luciano Varaldo.","Fabián Assmann; Ricardo Moreira, Carlos Matheu, Guillermo Rodríguez (79 Carlos Báez) y Lucas Mareque; Adrián Calello, Mariano Herrón (57 Sebastián Carrizo), Hernán Fredes y Daniel Montenegro; Víctor Sosa (64 Rodrigo Díaz) y Germán Denis.",https://blogger.googleusercontent.com/img/b/R29vZ2xl/AVvXsEitHpVqGGKD8oGmSHLVIO4k482wQ-V6uYW_4hN8MbNAI2Q2WK3o3_PufftqUPg2LMw3F45v_8W0iplSxcttcXi6PkAmtWWtDD2pKNjR4rXm9svQAd69_bhoNbA7p8XW1FPJU-jFhoy4Nz2M/w600-h400/INDEPENDIENTE+3+HURACAN+0+APERTURA+2007.jpg,"28 GOL Víctor Sosa (IND),30 GOL Germán Denis (IND),71 GOL Germán Denis (IND)"
15/09/2007,Ardiles,local,victoria,2,1,San Martín (San Juan),9° fecha del Campeonato Apertura 2007,Tomás A. Ducó,Carlos Maglio,"Marcelo Barovero; Paolo Goltz, Claudio Úbeda, Ángel Puertas y Christian Cellay; Omar Zarif, Cristian Sánchez Prette (89 Leandro J Díaz), Hugo Barrientos y Walter Coyette (74 Federico Poggi); Luciano Varaldo (58 Antonio Barijho) y Federico Nieto.","César Monasterio; Pablo Frontini (79 Gabriel Roth), José S Brusco, Antonio Agüero y Maximiliano Kondratiuk; Ariel Franco (53 Sebastián Malandra), Fernando De la Fuente, Mario Pacheco y Fernando Merlo; Ariel Carreño (49 Luis F. Tonelotto) y Mariano Trípodi.",https://blogger.googleusercontent.com/img/b/R29vZ2xl/AVvXsEgmRkLqmlZhS7TCVo3xXofpaA-pBBci3NoT40tSIaldL4Qoj5Ie5WaL1lOj7uWpKrp8wkorV3QdfPOa93cbZlIE0CBioTbgRnoPsOIvI4VvwVD6XKVD9uxHxi5QHoH4hQPhxRl46YGFj-j5/w600-h400/HURACAN+2+SAN+MARTIN+DE+SAN+JUAN+1+APERTURA+2007.jpg,"40 GOL Luciano Varaldo, 64 GOL Cristian Sánchez Prette, 67 GOL José S. Brusco -penal-"
21/09/2007,Ardiles,local,empate,2,2,Colón (Santa Fe),10° fecha del Campeonato Apertura 2007,Tomás A. Ducó,Cristian Faraoni,"Marcelo Barovero; Ángel Puertas, Paolo Goltz, Claudio Úbeda y Christian Cellay; Omar Zarif, Hugo Barrientos, Cristian Sánchez Prette (89 Alexis Castro) y Walter Coyette (64 Federico Poggi); Federico Nieto (89 Antonio Barijho) y Franco Mendoza.","Sebastián Blázquez; Alcides Píccoli, Ariel Garcé, Omar Merlo y Germán Rivarola; Miguel Romero, Alejandro Capurro, Freddy Grisales y Emanuel Centurión (57 César González), Luis Quinteros (64 Claudio Enría) y Darío Gandín.",https://blogger.googleusercontent.com/img/b/R29vZ2xl/AVvXsEgvdyZ0WmtZzYwlaGPPOy2hkuuM17CzokpWikUy-Wt0w1pFYy8GPyZrYV8Ecta770cWhE2MStmsJB8stBknR8h6lCRD04Z2UeYfX4NWnJX7ZmPLUTBN70wWTXE6aR0iSy0TZDB_ZyRWqIeO/w600-h400/HURACAN+2+COLON+2+APERTURA+2007.jpg,"5 GOL Miguel Romero, 50 GOL Franco Mendoza, 73 GOL Federico Nieto, 78 GOL Darío Gandín -penal-"
28/09/2007,Ardiles,visitante,derrota,1,3,Olimpo (Bahía Blanca),11° fecha del Campeonato Apertura 2007,Roberto Carminatti (Bahía Blanca),Juan P. Pompei,"Marcelo Barovero; Ángel Puertas, Paolo Goltz, Claudio Úbeda y Walter Gómez (54 Federico Poggi); Omar Zarif (61 Alexis Castro), Christian Cellay, Cristian Sánchez Prette y Walter Coyette (79 Matías Defederico); Federico Nieto y Franco Mendoza.","Fernando Navarro Montoya; Federico Mancinelli, Javier Páez, Cristian Tavio y Jorge Martínez; Rogelio Martínez, Martín Wagner, Sebastián Dubarbier y Ángel Morales (61 Gustavo Pinto); Josemir Lujambio (69 Juan C Carrizo) y Mariano Martínez (73 Mauro Olivi).","27 Josemir Lujambio,59 Mariano Martínez, 77p Mauro Olivi, 84 Franco Mendoza.",https://blogger.googleusercontent.com/img/b/R29vZ2xl/AVvXsEgKHxuf8LpRY_sUyxYZIy035YRp2le-JC7SZlM8MCJk1QRnyLqIjj2pW71_7C-Ev6SL0unkZ_Ym-O1L3MWJy6cDhIBB9ljOUNZhb821stUJYQr5Q263P5mSOHq2y116SCZ_q9G5aWY9P5Ve/w600-h400/OLIMPO+3+HURACAN+1+APERTURA+2007.jpg,82 GOL Federico Nieto (HUR)
02/10/2007,Ardiles,local,victoria,1,0,Banfield,12° fecha del Campeonato Apertura 2007, Tomás A. Ducó, Alejandro Sabino,"Marcelo Barovero; Ángel Puertas, Paolo Goltz, Claudio Úbeda y Christian Cellay; Omar Zarif, Cristian Sánchez Prette (89 Alexis Castro), Hugo Barrientos y Walter Coyette; Franco Mendoza y Luciano Varaldo (70 Federico Poggi).","Cristian Lucchetti; Marcos Galarza, Diego Herner, José R. Devaca y Ariel Broggi (84 Diego Galeano); Jairo Patiño, Esteban Buján (69 Pablo Vitti), Fabián Santana y Luciano Civelli; Cristian Maidana y Jerónimo Barrales.",https://blogger.googleusercontent.com/img/b/R29vZ2xl/AVvXsEjMLcyxp98fGIJZ1GRF40j1dx1a5SxaB0bnIIiUhn1rgCMVT241pYc5o2QrjqBWju_N331p43uHics0JgDFJ1qVc7xLJsAsLdoHDtIKgMY-d8gHMB74CMBTmwnMcNPgi-t_kFWKEB3XD_Xu/w600-h400/vs+Banfield.jpg,66 GOL Walter Coyette (HUR)
05/10/2007,Ardiles,visitante,derrota,0,2,Gimnasia (Jujuy),13° fecha del Campeonato Apertura 2007, 23 de Agosto (Jujuy),Jorge Baliño,"Marcelo Barovero; Ángel Puertas (46 Alexis Castro), Paolo Goltz, Claudio Úbeda y Christian Cellay; Omar Zarif (74 Andrés Franzoia), Hugo Barrientos, Cristian Sánchez Prette y Walter Coyette (46 Federico Poggi); Federico Nieto y Franco Mendoza.","José Valdiviezo; Gabriel Ruiz, Gabriel Loeschbor, Fabián Berza y Ezequiel Garré; Marcelo Quinteros (89 Gabriel Ramón), Diego Mateo, Silvio Iuvalé y Matías Miramontes (71 Fabio Pieters); Héctor Silva (66 César Carranza) y Osvaldo Miranda.",https://blogger.googleusercontent.com/img/b/R29vZ2xl/AVvXsEghTV0vLTYKQf4fffoedI9jFh2NNXgHOLuPBgY9r8fMum98YvNJdViTlKHbXUin7XhOlSeYP32IBrc6e5ynJty7mKUjYplN8GwAUjRY21S5_QybeEmmQlSjD3sQjQ6HDgTx_AawOi_dXQjx/w600-h400/GIMNASIA+JUJUY+2+HURACAN+0+APERTURA+2007.jpg,"9 GOL Paolo Goltz (GIM) -en contra-, 29 GOL Osvaldo Miranda (GIM)"
21/10/2007,Ardiles,local,victoria,3,1,Newell's Old Boys (Rosario),14° fecha del Campeonato Apertura 2007, José Amalfitani,Héctor Baldassi,"Marcelo Barovero; Ángel Puertas, Paolo Goltz, Claudio Úbeda y Christian Cellay; Cristian Sánchez Prette (77 Omar Zarif), Hugo Barrientos, Federico Poggi y Walter Coyette (46 Leandro J Díaz); Federico Nieto (46 Andrés Franzoia) y Franco Mendoza.","Justo Villar; Augusto Mainguyague (81 Martín Seri), Rolando Schiavi, Germán Ré y Oscar Lucero; Pablo Pérez (74 Leandro Torres), José L. Villagra, Matías Donnet (27 Mauricio Sperduti) y Leonel Vangioni; Héctor Steinert y Santiago Salcedo.",https://blogger.googleusercontent.com/img/b/R29vZ2xl/AVvXsEhz_vgTRYZYSp5R3YlG-MCoQQW0TG4LyHPJTaSidS0G1EoRrDUvoGeNgydfG2yih8Jz-K3GDUw3LjOn4NN1Xpdtmyxpnq0xBlE0xkDfEVU6rT_MBxfDS2oF5t-3_9ukTX6so3qymvyF9qr_/w600-h400/HURACAN+L+NEWELS+1+APERTURA+2007+1.jpg,"37 GOL Schiavi -penal-, 50 Schiavi -en contra-, 40 GOL Franco Mendoza, 71 GOL Franzoia"
04/11/2007,Ardiles,visitante,empate,1,1,San Lorenzo de Almagro,15° fecha del Campeonato Apertura 2007,Pedro Bidegain,Gabriel Favale,"Marcelo Barovero; Ángel Puertas, Paolo Goltz, Claudio Úbeda y Christian Cellay; Cristian Sánchez Prette, Leandro J Díaz, Hugo Barrientos y Federico Poggi (84 Alexis Castro); Andrés Franzoia (89 Federico Nieto) y Franco Mendoza (60 Antonio Barijho).","Agustín Orión; Hernán A González, Sebastián Méndez, Jonathan Bottinelli y Aureliano Torres; Diego Rivero, Juan M Torres, Santiago Hirsig (50 Jorge Ortiz) y Daniel Bilos (69 Gastón Fernández); Juan C. Menseguez (75 Bernardo Romeo) y Andrés Silvera.",https://blogger.googleusercontent.com/img/b/R29vZ2xl/AVvXsEgFVnkj_kXUxZNwaUqU73qgBg_XGbXwBUUs-gzwQjjwkg9Y19yLUs_iLtd0U28gqtgn1DsV1glX7QU9sKJ5FirARS-eyL_5Q14CcbGfQeOdXxwZyovXGTGM7OoHsVx71AEpPUM2NguM5VMf/w600-h400/SAN+LORENZO+1+HURACAN+1+APERTURA+2007.jpg,3 GOL Jonathan Botinelli (SLO)</br>34 GOL Paolo Goltz (HUR)</br><b>1° Tiempo: San Lorenzo 1x1 Huracán</b></br>90 EXP Diego Rivero (SLO)
10/11/2007,Ardiles,local,victoria,2,1,River Plate,16° fecha del Campeonato Apertura 2007,Diego Armando Maradona,Jorge Baliño,"Marcelo Barovero; Ángel Puertas, Paolo Goltz, Claudio Úbeda y Walter Gómez (46 Antonio Barijho); Cristian Sánchez Prette, Leandro J Díaz, Hugo Barrientos y Federico Poggi; Andrés Franzoia (90 Alexis Castro) y Franco Mendoza (79 Omar Zarif).","Juan M Ojeda; Carlos Valencia, Mateo Musacchio, Federico Lussenhoff y Emmanuel Martínez; Facundo Affranchino (81 René Lima), Matías Díaz, Matías Abelairas (75 Rolando Zátrate) y Sixto Peralta; Damián Lizio y Andrés Ríos (76 Mauro Rosales).",https://blogger.googleusercontent.com/img/b/R29vZ2xl/AVvXsEhJKXE_RuZmmsLHtloYxNzSupAAXoEyq4VjV_IOqFT3uPLgSCXuheuDENTyPmRxiwevAFgGe2ORVwbHFZDe6VW7IF4774i_QbARSKpHd-o9Bk6HuiU7D-yDxIx7LipsYqu7arLPj8yiBoV-/w600-h400/huracan+2+river+1+apertura+2007+1.jpg,"20 GOL Sixto Peralta (HUR), 59 GOL Cristian Sánchez Prette (HUR), 68 GOL Cristian Sánchez Prette (HUR)"
25/11/2007,Ardiles,visitante,empate,1,1,Estudiantes (La Plata),17° fecha del Campeonato Apertura 2007, Único (La Plata),Sergio Pezzotta,"Marcelo Barovero; Ángel Puertas, Paolo Goltz, Claudio Úbeday Christian Cellay; Cristian Sánchez Prette (68 Iván Nadal), Hugo Barrientos, Leandro J Díaz y Federico Poggi (73 Alexis Castro); Andrés Franzoia (66 Federico Nieto) y Franco Mendoza.","Mariano Andújar; Sebastián Domínguez, Marcos Angeleri, Leandro Desábato (75 Iván Moreno y Fabianesi) y Enzo Pérez (64 Julio Barroso); Rodrigo Braña, Sebastián Verón, Leandro Benítez y Juan M. Salgueiro; Pablo Piatti y Jeremías Caggiano (59 Pablo Lugüercio).",https://blogger.googleusercontent.com/img/b/R29vZ2xl/AVvXsEjvDgv3Wosmh7umcMkA6QD3SjoZlSosRi4IlJMpiqik5UPWejy8Idi99moOH163X87bZtZyLUHf8GNsc113MKXX1z68MblZFNDEkQA0LvA3EO7WNuypMdJY35wzUpZpUUkT10aT8Cu_EVUG/w600-h400/ESTUDIANTES+1+HURACAN+1+APER+2007.jpg,30 GOL Pablo Piatti (EST)</br>53 EXP Paolo Goltz</br>67 GOL Christian Cellay (HUR) -penal-
01/12/2007,Ardiles,local,victoria,3,0,Racing Club,18° fecha del Campeonato Apertura 2007,Diego Armando Maradona,Federico Beligoy,"Marcelo Barovero; Christian Cellay, Ángel Puertas, Claudio Úbeda e Iván Nadal; Cristian Sánchez Prette, Leandro J Díaz, Hugo Barrientos y Federico Poggi (69 Patricio Toranzo); Andrés Franzoia (77 Federico Nieto) y Franco Mendoza (61 Antonio Barijho).","Hilario Navarro; Diego Menghi (46 Santiago Malano), Marcos Cáceres, Gustavo Cabral y Franco Sosa; Nicolás Cabrera (60 Maximiliano Estévez), Martín Romagnoli, Adrián Bastía y Claudio Fileppi (73 Cristian Pellerano); Claudio López y Facundo Sava.",https://blogger.googleusercontent.com/img/b/R29vZ2xl/AVvXsEitd23B9g2TlSKYSoY46wdRWeOX-NvsaJeDILtyNaoPPoLt6QszNBYDjsc3S_7nTpB8LbeO0cmMDq4vTCA029pf92Fh-zZ9Y99AhWXJgPDtNeMeVzzmCeI3bOB9M45WUmkxe-K1FTTpbrpq/w600-h400/18+vs+Racing.jpg,2 GOL Christian Cellay (HUR)</br>33 EXP Claudio López (RAC)</br><b>1° Tiempo: Huracán 1x0 Racing</b></br>77 EXP Franco Sosa (RAC)</br>81 EXP Maximiliano Estévez (RAC)</br>87 GOL Federico Nieto (HUR)</br>89 GOL Cristian Sánchez Prette (HUR)
09/12/2007,Ardiles,visitante,victoria,2,1,Vélez Sarsfield,19° fecha del Campeonato Apertura 2007,José Amalfitani,Alejandro Sabino,"Marcelo Barovero; Christian Cellay, Paolo Goltz, Ángel Puertas e Iván Nadal; Cristian Sánchez Prette (69 Walter Coyette), Hugo Barrientos, Leandro J Díaz y Federico Poggi; Andrés Franzoia (89 Germán Lanaro) y Franco Mendoza (76 Federico Nieto).","Germán Montoya; Mariano Uglessich, Hernán Pellerano, Marcelo Bustamante (71 Ramón Ocampo) y Pablo Lima; Sergio Sena, Alejandro Cabral, Andrés Bustos y Damián Escudero; Emmanuel Fernándes Francou (68 Damián Casalinuovo) y Facundo Coria.",https://blogger.googleusercontent.com/img/b/R29vZ2xl/AVvXsEiBV7j20HkMrU2nWIwQ5GOX2dWm4GJdMZX6BsuqqjfNcncfjGymEZ-lXLEViLHjlO91l2LL7yjfUTEUF-t0mB-SrMAxuKjaO2W3NdVYMtyJh4zQ7_evEOSHFrtNcJoXhJom9eRxYJnnsM2J/w400-h600/VELEZ+1+HURACAN+2+APER+2007.jpg,<b>1° Tiempo: Vélez 0x0 Huracán</b></br>62 GOL Andrés Franzoia (HUR)</br>66 EXP Hugo Barrientos (HUR)</br>75 GOL Hernán Pellerano (VEL)</br>79 GOL Andrés Franzoia (HUR)
24/01/2008,Úbeda,visitante,derrota,1,4,Millonarios (Colombia),Semi de Copa Cafam 2008 (amistoso),El Campín (Bogotá),Francisco Peñuela (Colombia),"Marcelo Barovero; Francisco Maciel, Paolo Goltz, Ángel Puertas y Carlos Arano; Leandro J Díaz, Hugo Barrientos, Alan Sánchez y Federico Poggi; Federico Nieto y Andrés Franzoia.","Cuadrado; Rojas, Mosquera, Andrés Salinas y Alex Díaz; Andrés Pérez, Gerardo Bedoya, Estrada y Cochas; Ricardo Ciciliano y García.",foto,1 GOL Carlos Arano (HUR)</br>19 GOL Ricardo Ciciliano (MIL)</br>52 GOL Ricardo Ciciliano (MIL) -penal-, 27 GOL García (MIL), 70 GOL Castillo (MIL)
26/01/2008,Úbeda,visitante,derrota,0,3,Ind. Santa Fe (Colombia),3° Puesto de Copa Cafam 2008 (amistoso),El Campín (Bogotá),Miguel Guevara (Colombia),"Marcelo Barovero; Francisco Maciel, Paolo Goltz, Ángel Puertas y Carlos Arano; Leandro J Díaz, Hugo Barrientos, Cristian Sánchez Prette (Walter Coyette) y Federico Poggi (Federico Nieto); Andrés Franzoia (Alan Sánchez) y Franco Mendoza (Antonio Barijho).","Agustín Julio; Jairo Suárez, Francisco Nájera, Leonel Vielma y Javier Arizala; Maximiliano Flotta (Daniel Bridge), Hernando Patiño, Luis Seijas y Luis Mosquera; Edinson Toloza (Alexander Tejada) y Léider Preciado (César Valoyes).",foto,17 GOL Preciado (SFE) -penal-</br>54 GOL César Valoyes (SFE)</br>59 Mosquera (SFE)</br>73 EXP Leandro J Díaz (HUR)
10/02/2008,Úbeda,visitante,derrota,0,2,Arsenal,1° fecha del Campeonato Clausura 2008,El Viaducto,Diego Abal,"Marcelo Barovero; Ángel Puertas, Paolo Goltz, Francisco Maciel (63 Omar Zarif), Carlos Arano, Cristian Sánchez Prette, Leandro J Díaz, Walter Coyette (63 Matías Defederico), Federico Poggi, Andrés Franzoia y Franco Mendoza (77 Federico Nieto).","Catriel Orcellet; Javier Gandolfi, Jossimar Mosquera, Aníbal Matellán y Cristian Díaz; Diego Villar (63 Andrés San Martín), Cristian Pellerano, Carlos Casteglione y Javier Yacuzzi (72 Pablo Garnier); Félix Leguizamón (63 Leonardo Biagini) y José Calderón.",https://blogger.googleusercontent.com/img/b/R29vZ2xl/AVvXsEgFYGoGwzfF7XcT40HW77LX3epur3AKcxXmSJjxXyv9OzaAwpW7GbZfICWNB-W4WwXayen_qabFnSRYQwUFckfwTuqpjtMOHnz_CgfBhhsW77Zf1fzBxyPQxE-QeYuuYwRAU9M5-RrUaeGn/w600-h400/ARSENAL+2+HURACAN+0+FECHA+1+2008.jpg,8 GOL Leguizamón</br>14 GOL Calderón -cabezazo-
17/02/2008,Úbeda,local,victoria,1,0,Lanús,2° fecha del Campeonato Clausura 2008,Diego Armando Maradona,Pabo Lunati,"Marcelo Barovero; Ángel Puertas, Paolo Goltz, Eduardo Rodríguez y Carlos Arano; Cristian Sánchez Prette (65 Alan Sánchez), Leandro J Díaz, Hugo Barrientos y Federico Poggi; Andrés Franzoia (81 Antonio Barijho) y Franco Mendoza (57 Federico Nieto).","Carlos Bossio; Carlos Arce, Leonardo Sigali, Carlos Quintana y Nelson Benítez; Nicolás Ramírez (56 Diego Valeri), Diego González, Eduardo Ledesma y Sebastián Blanco (74 Lautaro Acosta); Santiago Biglieri y Germán Cano.",https://blogger.googleusercontent.com/img/b/R29vZ2xl/AVvXsEhoC7uObkUadFswHVsLxWtXBW3zwpL4lLXxQNIwD4fLGL8vZgi-lkqNFsbOTkdPeL0ZWgHPxXu_PxCxPIMcwZoNHJF84oNxtiqoG143FmYCpi9pEYw46T2tWf3KOBurP_HIM05h3O2aFU85/w600-h400/HURACAN+1+LANUS+0+FECHA+2+CLAUSURA+2008.jpg,83 GOL Alan Sánchez (HUR)
23/02/2008,Úbeda,visitante,victoria,2,1,Tigre,3° fecha del Campeonato Clausura 2008,José Dellagiovanna,Néstor Pitana,"Marcelo Barovero; Ángel Puertas, Paolo Goltz, Eduardo Rodríguez y Carlos Arano; Cristian Sánchez Prette, Hugo Barrientos, Leandro J Díaz y Federico Poggi (75 Alan Sánchez); Franco Mendoza (66 Federico Nieto) y Andrés Franzoia (87 Antonio Barijho).","Daniel Islas; Santiago Morero, Lucas Alesandria (31 Norberto Paparatto), Juan C Blengio y Martín Galmarini; Diego Castaño, Román Martínez (66 Victor Altobelli), Nicolás Torres (55 Sebastián Rusculleda) y Martín Morel; Néstor Ayala y Sebastián Ereros.",https://blogger.googleusercontent.com/img/b/R29vZ2xl/AVvXsEikykTmDRWEj2cH9l-JWhInKA2pK_T-DY31aZB33YH9vksl-Fc4Ix03G3bFPPuzS6i6gKbVghmFFzq1DRQU7OJgWgYZzkFWNMrnXfbD8g2yIVXsdlcNfliJGIJQ4bMh3PnfhaMXTdV_gLAW/w600-h400/2008+vs+Tigre.jpg,53 GOL Andrés Franzoia</br>70 GOL Diego Castaño (TIG) -cabezazo-</br>86 GOL Andrés Franzoia
29/02/2008,Úbeda,local,empate,1,1,Rosario Central,4° fecha del Campeonato Clausura 2008,Diego Armando Maradona,Alejandro Sabino,"Marcelo Barovero; Ángel Puertas, Paolo Goltz, Eduardo Rodríguez y Carlos Arano; Cristian Sánchez Prette (77 Alan Sánchez), Leandro J Díaz, Hugo Barrientos y Federico Poggi; Franco Mendoza (46 Federico Nieto) y Andrés Franzoia.","Cristián Álvarez; Abel Espinosa, Ronald Raldes, Ramiro Fassi y Emiliano Papa; Tomás Costa, Jesús Méndez, Mariano Messera (33 Andrés Imperiale) y Cristian González; Martín Enrique Arzuaga (86 Damián Díaz) y José Vizcarra (69 Emilio Zelaya).",https://blogger.googleusercontent.com/img/b/R29vZ2xl/AVvXsEgxsmAy8Zb_Onaqijm1eqZSBF7JFWRLeya3o_29-MQ3FyoKiFgIqK87Ke5rbCP-zEsj35t7ijCU_JQ6fj_8ICcc2fSvVejBqckEpTyrq8DbeTGxMNOhWXDSgD98jwUxNjRWCpPQ2jTtEHiY/w600-h400/HURACAN+1+R.CENTRAL+1+CLAUSURA+2008+FECHA+4.jpg,1 GOL José Vizcarra (CEN)</br>9 GOL Hugo Barrientos (HUR) -cabezazo-
08/03/2008,Úbeda,visitante,empate,1,1,Argentinos Juniors,5° fecha del Campeonato Clausura 2008,Diego Armando Maradona,Gabriel Brazenas,"Marcelo Barovero; Ángel Puertas, Paolo Goltz, Eduardo Rodríguez y Carlos Arano; Omar Zarif, Cristian Sánchez Prette (86 Antonio Barijho), Leandro J Díaz y Federico Poggi (82 Alan Sánchez); Andrés Franzoia (89 Walter Coyette) y Federico Nieto.","Juan I Carrera; Pablo Barzola, Matías Caruzzo, Andrés Scotti y Sergio Escudero; Milovan Mirosevic (25 Nicolás Gianni), Gabriel Peñalba, Roberto Battión y Álvaro Pereira; Gabriel Hauche (65 Gonzalo Abán) y Alejandro Delorte (65 Gerardo Pérez Tarifa).",https://blogger.googleusercontent.com/img/b/R29vZ2xl/AVvXsEiPA0Jw4AzJD8ggbisot9bDrxCKdqjBeALazfwAdaxYJXcTG7XmxbVhrPhl2iPoFA7hc02dOzQBmr1XIaT_J1-ZYAGzsyg9CbcGX6pwyiS0fblsJFBuUiUZTCz4jAutqwvKp8YzxVu3FOfl/w600-h400/FEDERICO+NIETO.jpg,5 GOL Gabriel Hauche (ARG)</br>6 GOL Federico Nieto (HUR) -cabezazo-</br>79 EXP Álvaro Pereira (ARG)
16/03/2008,Úbeda,local,empate,0,0,Boca Juniors,6° fecha del Campeonato Clausura 2008,Diego Armando Maradona,Gabriel Favale,"Marcelo Barovero; Ángel Puertas, Paolo Goltz, Eduardo Rodríguez y Carlos Arano; Omar Zarif, Hugo Barrientos, Cristian Sánchez Prette (75 Walter Coyette) y Federico Poggi (90 Alan Sánchez); Franco Mendoza (46 Matías Defederico) y Federico Nieto.","Mauricio Caranta; Jonatan Maidana, Julio Cáceres, Claudio Morel Rodríguez y Luciano Monzón; Pablo Ledesma, Sebastián Battaglia, Fabián Vargas (77 Neri Cardozo) y Juan R Riquelme; Martín Palermo y Rodrigo Palacio.",https://blogger.googleusercontent.com/img/b/R29vZ2xl/AVvXsEh5AchSI3qxslC-71xfT7ymri-yVH2z6aAEsyQbfggQc4q5xWO3q4URdUk24KfkOrKw9QdDlXELhiHkUAInn2vFCsnRVq_xXQkesorqJvjvI7Sk4umRA9WbIRUyTKO6T-q1BfGxkBWfuUjK/w600-h400/HURACAN+0+BOCA+0+FECHA+6+CLAUSURA+2008.jpg
23/03/2008,Úbeda,visitante,empate,0,0,Gimnasia (La Plata),7° fecha del Campeonato Clausura 2008,Único (La Plata),Alejandro Sabino,"Marcelo Barovero; Paolo Goltz, Ángel Puertas, Eduardo Rodríguez y Carlos Arano; Omar Zarif, Leandro J Díaz, Hugo Barrientos y Federico Poggi; Federico Nieto (87 Antonio Barijho) y Franco Mendoza (61 Cristian Sánchez Prette).","Carlos Kletnicki; Cristian Piarrou, Jorge San Esteban, Renato Civelli y Federico Domínguez; Ignacio Piatti, Reinaldo Omar Alderete (46 Antonio Piergüidi), Matías Escobar y Diego Villar (73 Elvio Fredrich); Juan E. Cuevas y Luis Quinteros (63 Sergio Leal).",https://blogger.googleusercontent.com/img/b/R29vZ2xl/AVvXsEg8k78OaXbufLWVA84Uygc8nspLNEO97PbraTGg77Aew1WHM0SxCuxb5127cYjutDkXGBT5tN3DXS7dXKaeN_n-qQinDqUJlMbnTH3CRtMThqONyGKKJw8WLMzyCshKMU2BMSviXK50IVpF/w600-h400/Arano+Carlos+vs+Gimnasia.jpg,40 EXP Eduardo Rodríguez (HUR)
30/03/2008,Úbeda,local,empate,0,0,Independiente,8° fecha del Campeonato Clausura 2008,Diego Armando Maradona,Saúl Laverni,"Marcelo Barovero; Germán Lanaro, Paolo Goltz, Ángel Puertas y Carlos Arano; Alan Sánchez (72 Cristian Sánchez Prette), Hugo Barrientos, Leandro J Díaz y Federico Poggi; Antonio Barijho (42 Matías Defederico) y Federico Nieto (82 Franco Mendoza).","Fabián Assmann; Carlos Matheu (78 Ricardo Moreira), Leandro Gioda, Guillermo Rodríguez y Matías Di Gregorio (46 Lucas Mareque); Lucas Pusineri (64 Adrián Calello), Damián Ledesma, Hernán Fredes y Matías Oyola; Daniel Montenegro y Germán Denis.",https://blogger.googleusercontent.com/img/b/R29vZ2xl/AVvXsEjGEW05JP0zLvhnG8dtoLMmywDlhUOSRBr7rmihpbfc8eTKuXqACcK554wp_kWcZ2n884FIPHXSVkrjuU-MEwIJXtxxodjKuQRv4TMwbqNIsGSqCJoKeMUg-84DX8lEq9R0On8krYjUBO3O/w600-h400/HURACAN+0+INDEPENDIENTE+0+CLASURA+2008.jpg,90 EXP Damián Ledesma (IND)
04/04/2008,Úbeda,visitante,derrota,0,2,San Martín (San Juan),9° fecha del Campeonato Clausura 2008,San Martín (San Juan),Néstor Pitana,"Marcelo Barovero; Germán Lanaro, Paolo Goltz, Ángel Puertas y Carlos Arano (65 Matías Defederico); Omar Zarif, Leandro J Díaz, Federico Poggi y Walter Coyette (78 Alan Sánchez); Federico Nieto (65 Claudio Guerra) y Franco Mendoza.","Ezequiel Medrán; Sergio Plaza, Sebastián Brusco, Antonio Agüero y Julio César Irrazabal; Mario Pacheco, Félix Décima, Carlos Recalde y Daniel Giménez (58 Matías García); Luis Tonelotto (70 Nicolás Herrera) y Martín Bravo (89 Pedro Galván).",https://blogger.googleusercontent.com/img/b/R29vZ2xl/AVvXsEhWI1kkrVyH1oOxIU1tUhUhtOeJ1Mg2X2mSfAQi-FIyT8rqS2XjpvacFr3x4-JfOBIE-UDJimbPG20SfWCprVEC-Gn8TGQxzh4YvpeMh4eJrVG9Ou675lhbhD51snv0_tYWWLvRLwTgomLy/w600-h400/SAN+MARTIN+DE+SAN+JUAN+2+HURACAN+0.jpg,3 GOL Mario Pacheco (SMA)</br>72 EXP Omar Zarif (HUR)</br>86 GOL Martín Bravo (SMA)</br>90 EXP Claudio Guerra (HUR)
12/04/2008,Úbeda,vistante,derrota,0,1,Colón (Santa Fe),10° fecha del Campeonato Clausura 2008,Brig. Gral. Estanislao López (Santa Fe),Pablo Lunati,"Marcelo Barovero; Germán Lanaro (74 Damián Nieto), Paolo Goltz, Ángel Puertas y Carlos Arano; Alan Sánchez, Leandro J Díaz, Federico Poggi y Walter Coyette; Franco Mendoza (46 Matías Defederico) y Andrés Franzoia (67 Patricio Toranzo).","Sebastián Blázquez; Pablo Aguilar, Ariel Garcé, Marcelo Goux, Miguel Romero (78 César Carignano); Alejandro Capurro, Germán Rivarola, Diego Chitzoff y Rodrigo Díaz (23 César González); Martín Cardetti (58 Rubén Ramírez) y Darío Gandín.",foto,90 GOL Rubén Ramírez
18/04/2008,Úbeda,local,victoria,3,0,Olimpo (Bahía Blanca),11° fecha del Campeonato Clausura 2008,Diego Armando Maradona,Sergio Pezzotta,"Marcelo Barovero; Ángel Puertas, Paolo Goltz, Eduardo Rodríguez, Carlos Arano, Omar Zarif, Leandro J Díaz, Hugo Barrientos (81 Patricio Toranzo), Federico Poggi (59 Cristian Sánchez Prette), Andrés Franzoia (85 Claudio Guerra) y Federico Nieto.","José Ramírez; Jorge Martínez, Federico Mancinelli, Ignacio Ithurralde y Carlos Araujo; Diego Barrado, Rogelio Martínez (78 Gustavo Pinto), Martín Wagner y Javier Robles; Leandro González (71 Mariano Martínez) y Josemir Lujambio (69 Mauro Olivi).",https://blogger.googleusercontent.com/img/b/R29vZ2xl/AVvXsEjSgNDkr9PKCLQomD3Vwv0Suk3vDXEQYr8rg6RVrkIMG9B5J0luzQi4DECpe2C2W7txV9VAccJ1iJM0cjvCMVF5xq8BXvuyJfFpbOlnPfhGzD-GgxKQNY66nQix9Pgk6OsfWk5aRe77EpmO/w600-h400/HURACAN+3+OLIMPO+0+CLAUSURA+2008.jpg,3 GOL Andrés Franzoia</br>43 GOL Andrés Franzoia</br>70 GOL Eduardo Rodríguez
25/04/2008,Úbeda,visitante,derrota,3,4,Banfield,12° fecha del Campeonato Clausura 2008,Florencio Sola,Javier Collado,"Marcelo Barovero; Ángel Puertas, Paolo Goltz, Eduardo Rodríguez, Carlos Arano (81 Claudio Guerra), Omar Zarif (78 Cristian Sánchez Prette), Hugo Barrientos, Leandro J Díaz (89 Matías Defederico), Federico Poggi, Andrés Franzoia y Federico Nieto.","Cristian Lucchetti; Marcos Galarza, José Devaca, Javier Sanguinetti y Pablo Vergara; Maximiliano Laso (72 Cristian García), Daniel Quinteros, Javier Villarreal (87 Cristian Rodríguez) y Luciano Civelli; Jerónimo Barrales y Nicolás Pavlovich (64 Emmanuel Pío).",https://blogger.googleusercontent.com/img/b/R29vZ2xl/AVvXsEg9_h3DmVrd4Sua5xPgaREPMxBYZr95YIkvgaNe6KcIdx19OLhgDSW_dQwHkX2xSRiMa4h4rWJ3lDsT3-foWeplUStLbGBs-jyS47kFnHM9nq_mxiZbC158KrgVyyS84J-2Mg9TE2oJmIwc/w600-h400/BANFIELD+4+HURACAN+3+CLASURA+2008.jpg,3 GOL Andrés Franzoia</br>18 GOL Jerónimo Barrales</br>32 GOL Nicolás Pavlovich</br>51 GOL Federico Nieto (cabezazo) </br>79 GOL Javier Villarreal</br>85 GOL Jerónimo Barrales</br>88 GOL Paolo Goltz (cabezazo)
02/05/2008,Úbeda,local,victoria,1,0,Gimnasia (Jujuy),13° fecha del Campeonato Clausura 2008,Diego Armando Maradona,Saúl Laverni,"Marcelo Barovero; Ángel Puertas, Omar Zarif, Eduardo Rodríguez, Carlos Arano, Alan Sánchez (64 Patricio Toranzo), Hugo Barrientos, Leandro J Díaz, Federico Poggi (80 Iván Nadal), Andrés Franzoia (75 Claudio Guerra) y Federico Nieto.","Nereo Fernández; Héctor Desvaux, Gabriel Loeschbor, Federico Acuña y Marcelo Quinteros; Fabio Pieters, Daniel Ramasco, Mauricio Almada (46 Ricardo Gómez) y César Carranza (65 Mario Turdó); Juan J Arraya (63 Jorge Luna) y Luis Escalada.",https://blogger.googleusercontent.com/img/b/R29vZ2xl/AVvXsEht15uZDHYHyLxdcpWSTuBGfVHm_1mF3aFQm3yw9RrQGPann0WMIpu4BcdCE4VL10S4TMbST8LLMM5H5AM-SvJh8AMQTfQ91ae8-NmJVCD2xWgRuihPBXZDe2NIRF1yM3oDxVb4A2I7CnCh/w600-h400/HURACAN+1+GIMNASIA+DE+JUJUY+0+CLAUSURA+2008.jpg,8 GOL Andrés Franzoia
11/05/2008,Úbeda,visitante,victoria,1,0,Newell's Old Boys (Rosario),14° fecha del Campeonato Clausura 2008,Parque Independencia (Rosario),Gabriel Favale,"Marcelo Barovero; Omar Zarif, Paolo Goltz, Eduardo Rodríguez, Carlos Arano, Patricio Toranzo, Leandro J Díaz, Hugo Barrientos, Federico Poggi (88 Iván Nadal), Andrés Franzoia (85 Claudio Guerra) y Federico Nieto (90 Franco Mendoza).","Justo Villar; Pablo Aguilar, Rolando Schiavi (17 Augusto Mainguyague), Germán Ré y Juan L. Quiroga; Nicolás Cabrera (70 Mauricio Sperduti), Ariel Zapata, Diego Scotti (46 Juan C. Ferreyra), Leonel Vangioni; Alejandro Da Silva y Santiago Salcedo.",https://blogger.googleusercontent.com/img/b/R29vZ2xl/AVvXsEh8hFt9sA-E2Y9cl2IFnOAJEc48yuiJ9YLunKg1InomyW_ifkIJU06swEwD40fLo8DH8jLp-vqOm_RJbPq0ETeo-8zTcERslDY1EFuJy9AFpSVsoKeftLdtjm6ZwaHaU8Mi7x0pAmk1pzry/w400-h600/2008+vs+Newells.jpg,42 GOL Federico Nieto (cabezazo)
18/05/2008,Úbeda,local,empate,0,0,San Lorenzo de Almagro,15° fecha del Campeonato Clausura 2008,Diego Armando Maradona,Javier Collado,"Marcelo Barovero; Ángel Puertas, Paolo Goltz, Eduardo Rodríguez, Carlos Arano, Omar Zarif (59 Patricio Toranzo), Hugo Barrientos, Leandro J Díaz, Federico Poggi (81 Iván Nadal), Federico Nieto y Andrés Franzoia (83 Claudio Guerra).","Agustín Orión; Pablo Alvarado, Gastón Aguirre, Jonathan Bottinelli y Diego Placente; Hernán A González, Walter Acevedo (68 Cristián Tula), Andrés D'Alessandro y Juan C Menseguez (77 Gonzalo Bergessio); Cristian M Chávez (57 Aureliano Torres) y Andrés Silvera.",https://blogger.googleusercontent.com/img/b/R29vZ2xl/AVvXsEhWtzlbCn_ldg4oaPMrqe9lwlRcbXE0vyfwqJPq6Mr3y-ZQwZCdT6YMzdt8V8tUV1psGomOc5NI-4WwwMR7FrqRHUzgNVePxaBYymcqRSuoxbpOWW2N-_VDhUEd2xrLCWEwizxie1Kg2U-s/w600-h400/Apertura+2008+vs+San+Lorenzo.jpg,86 EXP Hugo Barrientos (HUR)</br>86 EXP Andrés D'Alessandro (SLO)
24/05/2008,Úbeda,visitante,derrota,0,1,River Plate,16° fecha del Campeonato Clausura 2008,Monumental,Héctor Baldassi,"Marcelo Barovero; Ángel Puertas, Paolo Goltz, Eduardo Rodríguez y Carlos Arano (76 Matías Defederico); Omar Zarif, Iván Nadal, Leandro J Díaz y Federico Poggi (72 Javier Pastore); Andrés Franzoia y Federico Nieto.","Juan P. Carrizo; Danilo Gerlo, Leonardo Ponzio, Gustavo Cabral y Paulo Ferrari; Nicolás Domingo (46 Ariel Ortega), Matías Abelairas, Augusto Fernández (58 Alexis Sánchez) y Diego Buonanotte; Falcao García y Sebastián Abreu (71 Mauro Rosales).",https://blogger.googleusercontent.com/img/b/R29vZ2xl/AVvXsEjPdnu-z6WQgztjCbVJCbiJ6_mtwqd5ykDrJDxuW9NnuOEfQY80LRhrJKifvs1bicta5A2w-ImVLwmcH-YvNjpD_XQIhO8hBeyV9AZLM_ro1Ke-R-j6pjI-hJk1oCG_LbaSwLzkrtc6wEV3/w600-h400/RIVER+1+HURACAN+0+CLAUsura+2008.jpg,81 GOL Diego Buonanotte (RIV)
01/06/2008,Úbeda,local,empate,1,1,Estudiantes (La Plata),17° fecha del Campeonato Clausura 2008,Tomás A. Ducó,Saúl Laverni,"Marcelo Barovero; Ángel Puertas, Paolo Goltz, Eduardo Rodríguez y Carlos Arano; Omar Zarif, Leandro J Díaz, Patricio Toranzo y Federico Poggi (79 Iván Nadal); Andrés Franzoia (72 Claudio Guerra) y Federico Nieto.","Mariano Andújar; Marcos Angeleri, Agustín Alayes, Leandro Desábato e Iván Moreno y Fabianesi (77 Juan M. Salgueiro); Rodrigo Braña, Juan S. Verón, Leandro Benítez y Diego Galván (63 Enzo Pérez); Ezequiel Maggiolo y Leandro Lázzaro (53 Cristian Bogado).",https://blogger.googleusercontent.com/img/b/R29vZ2xl/AVvXsEj_GfyVKZxJCpNUPF2UNT49l4zK9T1-tywH3tY9SNN8kI9tRJ6lH5ssOqRG1yBkNPo_OdGtak-CbQHes1pLyTbQl8WPrN2Pv2QK4FnXkvsISMcWnHLj7ocPmrEtZao0SQX5YaZazu9c6h0w/w600-h400/2008+vs+Estudiantes.jpg,4 Juan S. Verón -penal-</br>26 Federico Nieto (cabezazo)
07/06/2008,Úbeda,visitante,derrota,0,1,Racing Club,18° fecha del Campeonato Clausura 2008,El Cilindro,Daniel Raffa,"Marcelo Barovero; Ángel Puertas, Paolo Goltz, Eduardo Rodríguez y Carlos Arano (46 Claudio Guerra); Omar Zarif (63 Alan Sánchez), Leandro J Díaz, Patricio Toranzo y Federico Poggi (74 Yusuke Kato); Andrés Franzoia y Federico Nieto.","José Martínez Gullotta; Franco Sosa, Marcos Cáceres, Gabriel Mercado y José Shaffer; Roberto Bonet, Matías Sánchez (76 Franco Zuculini), Claudio Yacob y José Fernández (50 Diego Menghi); Reinaldo Navia (81 Maximiliano Moralez) y Facundo Sava.",https://blogger.googleusercontent.com/img/b/R29vZ2xl/AVvXsEhbnaMwTBxphcd7oz8EwVDtmh78cwDTWpgqcRGf3S3RFKWH2s_ShaVboHexCjtwnXir9gyy4_lIytb9nO4GUv4uCmagYOIWU1Ys_ZQ0YX3IMkSmKnnwTZGxbNH15xhZw4Rl-40L6NiKdrbR/w600-h400/RACING+1+HURACAN+0+CLASURA+2008.jpg,27 EXP Gabriel Mercado (RAC)</br>27 EXP Federico Nieto (HUR)</br>35 GOL Facundo Sava (RAC)</br><b>1° Tiempo: Racing 1x0 Huracán</b>
21/06/2008,Úbeda,local,derrota,1,2,Vélez Sarsfield,19° fecha del Campeonato Clausura 2008,Diego Armando Maradona,Juan P. Pompei,"Marcelo Barovero; Ángel Puertas, Paolo Goltz, Eduardo Rodríguez y Carlos Arano (69 Iván Nadal); Omar Zarif (40 Matías Defederico), Leandro J Díaz, Hugo Barrientos y Patricio Toranzo (69 Alan Sánchez); Andrés Franzoia y Claudio Guerra.","Germán Montoya; Ricardo Díaz, Fernando Tobio, Hernán Pellerano y Pablo Lima; Iván Bella (58 Ramón Ocampo), Sergio Sena (78 Andrés Bustos), Pablo Despósito y Víctor Zapata; Jonathan Cristaldo (85 Damián Casalinuovo) y Santiago Silva.",https://blogger.googleusercontent.com/img/b/R29vZ2xl/AVvXsEi5u2OwqqH5VeqaSjFRFiawFYw_sfmiHGLSVT0d9Vo_WH1EczJcb0E-PzlOoL0uer01Dp7TmyXLqQjd6FLuxhAXxTyo7pH0eByn6oDsHRWvG32Qm7IEmXUwcPEDX3idS6U1BM_8bV8jHxSR/w600-h400/vs+Velez.jpg,2 GOL Jonathan Cristaldo (VEL)</br>20 EXP Claudio Guerra (HUR)</br><b>1° Tiempo: Huracán 0x1 Vélez</b></br>83 GOL Ramón Ocampo (VEL)</br>90 GOL Eduardo Rodríguez (HUR)
08/08/2008,Úbeda,visitante,derrota,0,2,San Martín (Tucumán),1° fecha del Campeonato Apertura 2008,José Fierro (Tucumán),Pablo Lunati,"Alejandro Limia; Carlos Araujo (55 Hernán Barcos), Paolo Goltz, Kevin Cura y Carlos Arano; Leandro J Díaz, Gastón Esmerado, Germán Castillo y Javier Pastore (76 Matías Defederico); Ariel Cólzera (84 Matías Gigli) y Carlos Casartelli.","Marcos Gutiérrez; Germán Noce, Juan L. Monge, Matías Villavicencio y Gerardo Solana (71 Marcelo Perugini); Jorge Serrano, Pablo Cantero, Ramiro Leone y Patricio Pérez (76 Daniel Vega); César G. Ibáñez y Mario Turdó (63 Pablo De Muner).",https://blogger.googleusercontent.com/img/b/R29vZ2xl/AVvXsEiEwzYLhUrQFk3dXZBazCfUTqfqN5_fM-0pbDV9mFthx-qtiUaK_sQ4xh_vq47Ca1NAbC1rFaEoutn-yaCTMOBI_cAbYXkr1oEuNNZ9LeWL78nELCpedwHsDmdiFAGQV1bVxBkf5vis9YPP/w600-h400/VS+SAN+MARTIN+TUCUMAN+FECHA+1.jpg,13 GOL Mario Turdó (SMA) -cabezazo-</br>33 GOL Juan J. Monje (SMA)</br><b>1° Tiempo: San Martín 2x0 Huracán</b>
17/08/2008,Úbeda,local,victoria,1,0,Racing Club,2° fecha del Campeonato Apertura 2008,La Bombonera,Diego Abal,"Alejandro Limia; Carlos Araujo, Paolo Goltz, Diego Herner y Carlos Arano; César González (89 Sergio Meza Sánchez), Leandro J Díaz, Hugo Barrientos y Germán Castillo (71 Iván Nadal); Ariel Cólzera (77 Matías Gigli) y Carlos Casartelli.","José Martínez Gullotta; Franco Sosa, Marcos Cáceres, Gabriel Mercado y José Shaffer (72 José Fernández); Lihué Prichoda, Claudio Yacob, Franco Zuculini (76 José Chatruc) y Maximiliano Moralez; Pablo Lugüercio y Juan I Sánchez Sotelo (62 Leandro González).",https://blogger.googleusercontent.com/img/b/R29vZ2xl/AVvXsEgQfB7ry1GsAhu91f6LOC_W_TsrAoEV-wjkUqVw3210qwochYiTzXUy73PpZYZPUvJB76uWFE_xYPDvnWSPGeweSwO3mdjKbod154ZxhhLjpKyS7Rsi2VHgmjDmI7dJRuJtN8EwM3tkNWh4/w600-h400/VS+RACING+FECHA+2.jpg,52 GOL Ariel Cólzera (HUR)
22/08/2008,Úbeda,visitante,derrota,0,1,Gimnasia (La Plata),3° fecha del Campeonato Apertura 2008,El Bosque (La Plata),Saúl Laverni,"Alejandro Limia; Carlos Araujo, Paolo Goltz, Diego Herner y Carlos Arano; Patricio Toranzo (66 Iván Nadal), Leandro J Díaz, Hugo Barrientos y Germán Castillo (81 Javier Pastore); Ariel Cólzera y Carlos Casartelli (66 Hernán Barcos).","Gastón Sessa; Álvaro Ormeño, Rubén Maldonado, Antonio Agüero y Patricio Graff (85 Diego Alonso); Diego Villar (74 Juan E Cuevas), Esteban González, Sebastián Romero (60 Ignacio Piatti) y Mariano Messera; Franco Niell y Roberto Sosa.",https://blogger.googleusercontent.com/img/b/R29vZ2xl/AVvXsEjBDlOMKOV4xacZIjgoA9pBQMgIk90jjoyFiHXEZvwIEmeSPoVf-AgvYKiiUaM5TKrg38VxhslRa2tCDCU37qdej_1RY04xTYT1CRNlw6Pfnwjwf2aNH5LIO95kW5L0AR-jI3sXhWIgMVxT/w600-h400/VS+GIMNSIA+FECHA+3.jpg,<b>1° Tiempo: Gimnasia 0x0 Huracán</b></br>86 GOL Diego Alonso (GIM) -cabezazo-
31/08/2008,Úbeda,local,derrota,0,3,Boca Juniors,4° fecha del Campeonato Apertura 2008,Diego Armando Maradona,Gustavo Bassi,"Alejandro Limia; Carlos Araujo (70 Matías Gigli), Paolo Goltz, Diego Herner y Carlos Arano; Gastón Esmerado, Hugo Barrientos, Germán Castillo (29 Iván Nadal) y Ariel Cólzera; Hernán Barcos y Carlos Casartelli (40 Patricio Toranzo).","Mauricio Caranta; Hugo Ibarra, Julio Cáceres (86 Juan Forlín), Gabriel Paletta y Claudio Morel Rodríguez; Fabián Vargas, Sebastián Battaglia, Jesús Dátolo y Leandro Gracián (62 Nicolás Gaitán); Ricardo Noir (84 Jonatan Philippe) y Lucas Viatri.",https://blogger.googleusercontent.com/img/a/AVvXsEj41IWAj6FK7RuNCEyuCRrK1UGhHGgdr0M0G5myF3OH-XrdYwwfwbDKi3YfsqGPa9R-Qn25K6vPorQ90G5TncSO2HOYZqRHtFzW4h0DJa-aoYPjjILRtMaPhaS2uor9UTd_3YJN5_7Sp5AD5cMc_mitph0bqe7hddljgumtn1QyNqUsCCHXzGBk_De2pLY6=w400-h600,9 GOL Lucas Viatri (BOC)</br><b>1° Tiempo: Huracán 0x1 Boca Juniors</b></br>76 GOL Nicolás Gaitán (BOC)</br>88 GOL Nicolás Gaitán (BOC)
12/09/2008,Úbeda,visitante,derrota,3,4,Gimnasia (Jujuy),5° fecha del Campeonato Apertura 2008,23 de Agosto (Jujuy),Jorge Baliño,"Alejandro Limia; Carlos Araujo (59 Javier Pastore), Paolo Goltz, Diego Herner y Carlos Arano; Leandro J Díaz, Gastón Esmerado, Hugo Barrientos y César González (83 Iván Nadal); Ariel Cólzera (70 Matías Gigli) y Hernán Barcos","Nereo Fernández; Federico Acuña, Héctor Desvaux, Daniel Ramasco (80 Gastón Montero) y Fabio Pieters; Silvio Iuvalé (70 Jorge Luna), Diego Mateo, Ricardo Gómez y Claudio Fileppi; César Carranza y Pablo Calandria (67 Juan J. Arraya).",https://blogger.googleusercontent.com/img/b/R29vZ2xl/AVvXsEg0ADgQxsmGCzjI7GQuQUZ02rXerBsEpgHhSLIEjwfY4CBS9pwI3YnGm5LTe4Kbj9YwkwSFKNNnsG_YkSnn4-0036kx3q2ZnisvwVUrpfUjuATKlCbHQ2chQC3GN43IAFvSOoTOzE8CZNTF/w600-h400/vs+GIMNASIA+DE+JUJUY+FECHA+5.jpg,5 GOL Federico Acuña (GIM)</br>23 GOL Leandro J Díaz (HUR) -cabezazo-</br><b>1° Tiempo: Gimnasia 1x1 Huracán</b></br>52 GOL César Carranza (GIM)</br>62 GOL César González (HUR)</br>68 GOL Diego Herner (HUR) -cabezazo-</br>75 GOL Jorge Luna (GIM)</br>82 GOL Fabio Pieters (GIM)
16/09/2008,H Martínez,local,empate,1,1,Newell's Old Boys (Rosario),6° fecha del Campeonato Apertura 2008,Diego Armando Maradona,Néstor Pitana,"Alejandro Limia; Carlos Araujo, Paolo Goltz, Diego Herner y Carlos Arano; Leandro J Díaz, Gastón Esmerado (71 Patricio Toranzo), Hugo Barrientos y César González; Ariel Cólzera (89 Luciano Nieto) y Hernán Barcos.","Sebastián Peratta; Pablo Aguilar, Rolando Schiavi, Nicolás Spolli (64 Juan M. Insaurralde) y Germán Ré, Pablo Pérez (81 Mauricio Sperdutti), Pablo Monsalvo, Hernán Bernardello y Ernesto Cristaldo (63 Leandro Torres); Diego Torres y Cristian Fabbiani.",https://blogger.googleusercontent.com/img/b/R29vZ2xl/AVvXsEjnGlgUuOBuZMG0lXGO7cwQj9dBEipzmKibLB9OxRLQLyduWDbfjU25sLCgnFT7Wty0vnnvwS_x3jfBBfDhD9X44_bxC2ixb5hd_SVNU46Jdn3HWZ7lckxh21YUd_zMDi3eTOKNxKsIBCwJ/w600-h400/VS+NEWELSS+FECHA+6.jpg,30 GOL Rolando Schiavi (NEW) -cabezazo-</br><b>1° Tiempo: Huracán 0x1 Newell's</b></br></br>46 GOL César González (HUR) -tiro libre-
19/09/2008,H Martínez,visitante,empate,0,0,Lanús, 7° fecha del Campeonato Apertura 2008,Lanús,Gustavo Bassi,"Alejandro Limia; Carlos Araujo, Paolo Goltz, Diego Herner y Carlos Arano; Leandro J Díaz, Gastón Esmerado, Hugo Barrientos y César González; Ariel Cólzera (76 Carlos Casartelli) y Hernán Barcos.","Carlos Bossio; Eduardo Ledesma, Carlos Quintana, Santiago Hoyos y Maximiliano Velázquez; Sebastián Salomón, Matías Fritzler, Diego González (46 Eduardo Salvio) y Sebastián Blanco (74 Germán Cano); Santiago Biglieri (59 Diego Lagos) y José Sand.",https://blogger.googleusercontent.com/img/b/R29vZ2xl/AVvXsEjepWrMS-q9DzPDl7gXkjUw56hMuthasfr_pkbrnw2B632UaFD-WnIJwQQ_ki8U6K7kbMxOJGxqCUEJyIJrr2A_k6ir7Gacse3dwoUykqokaox8IIm57z-r8IBzeQNKoowiZw5E4UKvfiv9/w190-h238/VS+LANUS+FECHA+7.jpg,<b>1° Tiempo: Lanús 0x0 Huracán</b>
27/09/2008,H Martínez,visitante,empate,1,1,Colón (Santa Fe), 8° fecha del Campeonato Apertura 2008,Brig. Gral. Estanislao López (Santa Fe),Alejandro Sabino,"Alejandro Limia; Gastón Beraldi, Paolo Goltz, Diego Herner y Carlos Arano; Leandro J Díaz, Gastón Esmerado, Hugo Barrientos y César González (90 Matías Gigli); Ariel Cólzera (79 Germán Castillo) y Hernán Barcos.","Sebastián Blázquez; Pablo Aguilar, Diego Crosa, Salustiano Candia y Diego Chitzoff; Leonardo Prediger (46 Lucas Valdemarín), Alejandro Capurro, Germán Rivarola y Matías Oyola (87 Nicolás Torres); Esteban Fuertes y Rubén Ramírez (69 Sebastián Sciorilli).",https://blogger.googleusercontent.com/img/b/R29vZ2xl/AVvXsEgyB4LQryHIwtLGq8zTW1eR3TtfTXvukv9LvjNWAhjzX5XtwNwu2iqaaVyv7I5qOgnMdpgfePPPMd48UBl7kxscFA1D6yaN5kGApshyphenhyphen6N_Em9Q6KbpGDPBm1qfP1oUx-KNBwloXoQZUe6Ky/w244-h116/vs+colon+fecha+8.jpg,27 GOL Hugo Barrientos (HUR) -cabezazo-</br><b>1° Tiempo: Colón 0x1 Huracán</b>48 GOL Esteban Fuertes (COL)
05/10/2008,H Martínez,local,victoria,1,0,Independiente,9° fecha del Campeonato Apertura 2008,Diego Armando Maradona,Federico Beligoy,"Alejandro Limia; Carlos Araujo, Paolo Goltz, Diego Herner y Carlos Arano; Patricio Toranzo, Leandro J Díaz, Gastón Esmerado y César González (88 Iván Nadal); Ariel Cólzera y Hernán Barcos (46 Luciano Nieto (81 Sergio Meza Sánchez)).","Fabián Assmann; Ricardo Moreira, Leandro Gioda, Juan F. Caracoche (52 Patricio Rodríguez) y Lucas Mareque (66 Emanuel Centurión); Damián Ledesma, Mariano Herrón, Adrián Calello y Daniel Montenegro; Víctor Sosa (66 Darío Gandín) y Leonel Núñez.",https://blogger.googleusercontent.com/img/b/R29vZ2xl/AVvXsEjZ37ernllxGNAIrtu6AIp_5cPj-_VETRmqnkKvtJBH4N82KEXZlz28OfSD39PaZ0EyPpP03NYrDE2H_kUfhnnvyZQ_ZgXzEDtPdLt5k98kOdSoyKwQhYFzmq3Uqygmhuxu48IeKJZmVWA/w223-h155/2008+05oct+Leo+D%25C3%25ADaz+a+Indep.jpg,</br>1° Tiempo: Huracán 0x0 Independiente</br>63 GOL Leandro J Díaz (HUR)
17/10/2008,H Martínez,visitante,derrota,0,2,Argentinos Juniors,10° fecha del Campeonato Apertura 2008,Diego Armando Maradona,Carlos Maglio,"Alejandro Limia; Carlos Araujo, Paolo Goltz, Diego Herner y Carlos Arano; Leandro J Díaz, Hugo Barrientos, Gastón Esmerado (46 Patricio Toranzo), Germán Castillo (59 César González); Ariel Cólzera (68 Luciano Nieto) y Hernán Barcos.","Sebastián Torrico; Andrés Scotti, Matías Caruzzo, Juan A. Sabia y Gonzalo Prósperi (56 Rafael Viotti); Néstor Ortigoza, Juan I. Mercier, Sergio Escudero y Franco Quiroga; Gabriel Hauche (74 Hernán Salazar) y Nicolás Pavlovich (85 Rodrigo Díaz).",foto,14 GOL Néstor Ortigoza (ARG) -penal-</br></b>1° Tiempo: Argentinos 1x0 Huracán</b></br>81 GOL Pavlovich (ARG)
25/10/2008,H Martínez,local,derrota,0,3,Tigre,11° fecha del Campeonato Apertura 2008,Diego Armando Maradona,Javier Collado,"Alejandro Limia; Carlos Araujo, Paolo Goltz, Diego Herner y Carlos Arano; Leandro J Díaz (46 Javier Pastore), Gastón Esmerado, Hugo Barrientos y César González; Matías Gigli (69 Ariel Cólzera) y Carlos Casartelli (46 Luciano Nieto).","Daniel Islas; Pablo Jerez, Pablo Fontanello, Norberto Paparatto y  Rodolfo Arruabarrena; Sebastián Rosano, Diego Castaño, Matías Giménez (69 Sebastián Rusculleda) y Martín Morel (76 Néstor Ayala); Víctor Altobelli (65 Jonathan Blanco) y Leandro Lázzaro.",foto,13 GOL Martín Morel (TIG)</br><b>1° Tiempo: Huracán 0x1 Tigre</b>52 GOL Matías Giménez (TIG) -cabezazo-</br>63 GOL Víctor Altobelli (TIG)
28/10/2008,H Martínez,visitante,victoria,3,2,Godoy Cruz (Mendoza),12° fecha del Campeonato Apertura 2008,Mundialista (Mendoza),Alejandro Sabino,"Alejandro Limia; Carlos Araujo, Paolo Goltz, Diego Herner y Carlos Arano; Leandro J Díaz, Gastón Esmerado, Hugo Barrientos (89 Sergio Meza Sánchez) y César González; Hernán Barcos y Ariel Cólzera (80 Javier Pastore).","Nelson Ibáñez; Guillermo Franco, Francisco Dutari, Lautaro Formica y Hernán Encina (70 Martín Fabro); Leonardo Sigali, Nicolás Olmedo (39 Martín Aguirre), Ariel Rojas (61 Víctor Ferreira) y Víctor Figueroa; Iván Borghello y Leandro Caruso.",foto,21 GOL Leandro Caruso (GOD)</br>25 Paolo Goltz (HUR) -cabezazo-</br>39 GOL Hernán Barcos (HUR)</br><b>1° Tiempo: Godoy Cruz 1x2 Huracán</b></br>46 GOL Martín Aguirre (GOD)</br>76 GOL César González (HUR)
01/11/2008,H Martínez,local,victoria,1,0,Estudiantes (La Plata),13° fecha del Campeonato Apertura 2008,José Amalfitani,Saúl Laverni,"Alejandro Limia; Carlos Araujo, Paolo Goltz, Diego Herner, Carlos Arano; Leandro J Díaz, Hugo Barrientos, Gastón Esmerado y César González; Ariel Cólzera y Hernán Barcos (81 Javier Pastore).","Mariano Andújar; Christian Cellay, Agustín Alayes (37 Federico Fernández), Leandro Desábato y Raúl Iberbia (68 Mauro Boselli); Iván Moreno y Fabianesi, Matías Sánchez, Juan S Verón y Enzo Pérez; Gastón Fernández y José Calderón (75 Milton Galiana).",<b>1° Tiempo: Huracán 0x0 Estudiantes</b></br>65 EXP Ariel Cólzera (HUR)</br>87 GOL Gastón Esmerado (HUR)
09/11/2008,Cappa,Visitante,empate,3,3,River Plate,14° fecha del Campeonato Apertura 2008,Monumental,Javier Collado,"Alejandro Limia; Carlos Araujo, Paolo Goltz, Diego Herner y Carlos Arano; Leandro J Díaz; Hugo Barrientos (76 Sergio Meza Sánchez), Gastón Esmerado, César González (67 Germán Castillo); Hernán Barcos y Javier Pastore (63 Matías Gigli).","Marcelo Ojeda; Paulo Ferrari, Gustavo Cabral (46 Oscar Ahumada), Eduardo Tuzzio y Cristian Villagra; Leonardo Ponzio, Matías Abelairas, Gustavo Bou (50 Augusto Fernández) y Diego Buonanotte (66 Mauro Rosales); Santiago Salcedo y Radamel Falcao.",https://blogger.googleusercontent.com/img/b/R29vZ2xl/AVvXsEiHNPhQKwn-AHYSzKF6Dw7WO1IxM9b-GfEMGKWT7vC-M7NVp9_4ax5d3fKUmDbcJB2DxQaEOjMXbfqernVEkvL8CqdivIe5j4H9ww9DQ5f2W-wexUt47rpEmLIXs5UjuHQ41wnBDXkVytB_/w600-h400/VS+RIVER.jpg,4 GOL Hernán Barcos (HUR)</br>31 GOL Hernán Barcos (HUR)</br>34 GOL Hugo Barrientos (HUR) -cabezazo-</br><b>1° Tiempo: River Plate 0x3 Huracán</b></br>51 GOL Matías Abelairas (RIV) -tiro libre-</br>69 GOL Radamel Falcao (RIV) -penal-</br>77 GOL Eduardo Tuzzio (RIV) -cabezazo-
15/11/2008,Cappa,local,derrota,0,2,Rosario Central, 15° fecha del Campeonato Apertura 2008,Diego Armando Maradona,Gabriel Brazenas,"Alejandro Limia; Carlos Araujo, Paolo Goltz, Diego Herner, Carlos Arano; Patricio Toranzo (57 Ariel Cólzera), Leandro J Díaz, Gastón Esmerado y César González; Javier Pastore y Hernán Barcos.","Jorge Broun; Ignacio Bogino, Walter Ribonetto, Diego Braghieri y Martín García; Jesús Méndez, Omar Zarif (67 Alexis Danelón), Mario Pagllialunga y Gervasio Núñez; Ezequiel González (74 Emilio Zelaya) y Milton Caraglio (87 José Vizcarra).",https://blogger.googleusercontent.com/img/b/R29vZ2xl/AVvXsEh6oCwpA417DE3OIzv6AgaIG9OdM-NWivotkQ1hfWx5gzDwzqg2blU97N36gQuYbHIYV6M3QilS54oB3zI5X93LOaqThnyNIUXMjbI7fdqgv3ZOn_AghJxn8gEPl5OBkfp_I8AXd9u3OfMd/w600-h400/Araujo+Carlos+vs+Central.jpg,32 GOL Gervasio Núñez (ROS)</br><b>1° Tiempo: Huracán 0x1 R. Central</b></br>66 GOL Milton Caraglio (ROS)
21/11/2008,Cappa,visitante,empate,0,0,Banfield, 16° fecha del Campeonato Apertura 2008,Florencio Sola,Rafael Furchi,"Alejandro Limia; Carlos Araujo, Paolo Goltz, Diego Herner y Carlos Arano; Patricio Toranzo, Gastón Esmerado, Leandro J Díaz y Javier Pastore (90 Sergio Meza Sánchez); Luciano Nieto (46 Ariel Cólzera) y Hernán Barcos.","Cristian Lucchetti; Mauro Dos Santos (46 Luciano Civelli), Cristian Nasuti, Víctor López y Emmanuel Pío; Fabián Santana, Marcelo Bustamante, Nicolás Bertolo (86 Sebastián Fernández) y Walter Erviti; Guido Di Vanni (72 Facundo Ferreyra) y Cristian García.",https://blogger.googleusercontent.com/img/b/R29vZ2xl/AVvXsEjhikHdNaRNUuoc7ZncEXDBYS65HSNa__FrUmLGo3t4q1kvQL78Jp3lTBI_kuOmsaNnloSJ8mQu9ALVgi-inxohpa7aQagsR2XAkBFSWj6vqEebv49zg6A9b1-Hdavfor5Or6XVOqTLe0ao/w600-h400/VS+BANFIELD.jpg,<b>1° Tiempo: Banfield 0x0 Huracán</b>
29/11/2008,Cappa,local,derrota,1,4,San Lorenzo de Almagro,17° fecha del Campeonato Apertura 2008,La Bombonera,Saúl Laverni,"Alejandro Limia; Carlos Araujo, Paolo Golt, Diego Herner y Carlos Arano; Leandro J Díaz (74 Ariel Cólzera), Gastón Esmerado, Hugo Barrientos y César González; Javier Pastore y Hernán Barcos.","Agustín Orión; Gastón Aguirre, Nicolás Bianchi Arce, Fernando Meza (17 Diego Rivero (43 Juan C. Menseguez)) y Aureliano Torres; Hernán A González, Cristian Ledesma (65 Cristian M Chávez), Juan M. Torres y Santiago Solari (71 Santiago Hirsig); Andrés Silvera y Gonzalo Bergessio.",https://blogger.googleusercontent.com/img/b/R29vZ2xl/AVvXsEj9DYDTE9clUfKTbo_5wH6NN0fFXlHjwLauLclZY34y9MUy1mxdBbQBcusNjG8ihFVcvqm0C7RjVp9c8QaSvC247evK7aMkb9LETcxnsu5ukHPcI5woidPA5HA6lceBn33BtCTiTE4BPnT-/w600-h400/2010-04-18.jpg,10 GOL Paolo Goltz (HUR)</br>14 EXP Javier Pastore (HUR)</br><b>Suspendido a los 16 por lluvia, continuó el 02/12/2025</b></br>41 GOL Aureliano Torres (SLO) -cabezazo-</br><b>1° Tiempo: Huracán 1x1 San Lorenzo</b></br>53 GOL Cristian M Chávez (SLO) -cabezazo-</br>62 GOL Andrés Silvera (SLO) -cabezazo-</br>72 GOL Andrés Silvera (SLO)
06/12/2008,Cappa,visitante,derrota,0,1,Arsenal,18° fecha del Campeonato Apertura 2008,El Viaducto,Gabriel Brazenas,"Gastón Monzón; Carlos Araujo, Paolo Goltz, Diego Herner e Iván Nadal; Patricio Toranzo (78 Luciano Nieto), Gastón Esmerado (46 Ariel Cólzera), Hugo Barrientos y Sergio Meza Sánchez; César González y Hernán Barcos.","Cristian Campestrini; Sergio Sena, Carlos Casteglione, Javier Gandolfi (60 Mariano Brau) y Damián Pérez (89 Cristian Díaz), Sebastián Carrera, Cristian Pellerano, Matías Carabajal (76 Iván Marcone) y Javier Yacuzzi; Alejandro Gómez y Mauro Matos.",https://blogger.googleusercontent.com/img/b/R29vZ2xl/AVvXsEiXOOWuKy0fD5qgzXcmBhPz6BlmREhbzcmY7Z_aepoqJj0GrX_3TSN1cntLgLuWoqHF1VAERgDN8z1avEZoLXflwHLdWloHPAClQLgU4TIzG5wHfGwXaXY0lMo-yXyKIAysLBQv31RnawAf/w600-h400/VS+ARSENAL.jpg,35 GOL Mauro Matos (ARS)</br>1° Tiempo: Arsenal 1x0 Huracán
13/12/2008,Cappa,local,victoria,3,0,Vélez Sarsfield,19° fecha del Campeonato Apertura 2008,Tomás A. Ducó,Jorge Baliño,"Gastón Monzón; Carlos Araujo, Ezequiel Filippetto (59 Gastón Esmerado), Kevin Cura y Carlos Arano; Leandro J Díaz, Hugo Barrientos, César González y Javier Pastore; Hernán Barcos (39 Ariel Cólzera) y Matías Defederico (73 Patricio Toranzo).","Marcelo Barovero; Mariano Uglessich, Fernando Tobio, Marco Torsiglieri y Emiliano Papa; Nicolás Cabrera (46 Leonel Cigno), Leandro Coronel (56 Pablo Lima), Alejandro Cabral y Leandro Velázquez (70 Leonardo Piris); Hernán López y Roberto Nanni.",https://blogger.googleusercontent.com/img/b/R29vZ2xl/AVvXsEgrdSizklNZLn1rqn6rAhFOL-WIhK0-kWDQft93EXeMNNfkUCZ2BFJ-TXVktzfF4ejZ5Fwh-3Q1f6r5RpJ3In4EpOMsePltDUK-KdASKV6NovoLH5kRC6eVDQO5BS_zXz6fPBOM-RHaAaeo/w600-h400/VS+VELEZ+1.jpg,15 GOL Matías Defederico (HUR)</br>42 GOL César González (HUR)</br><b>1° Tiempo: Huracán 2x0 Vélez</b></br>48 GOL Javier Pastore (HUR)</br>49 EXP Marco Torsiglieri (VEL)

